participant_id,cohort,collection_period,sex,age,has_values,MRAT,SDT,SDA,ST,HE,AC,FOR,POD,FAC,SES,SEP,COR,COI,TR,IIUM,BED,BEC,UNC,UNN,UNT,Self-Direction,Stimulation,Hedonism,Achievement,Power,Face,Security,Conformity,Tradition,Humility,Benevolence,Universalism,Self-Transcendence,Self-Enhancement,Openness-to-Change,Conservation
P001,1,2025-10,Ж,41.0,1,4.0,4.5964912280701755,4.2631578947368425,4.5964912280701755,4.929824561403509,3.2631578947368425,2.929824561403509,2.5964912280701755,3.929824561403509,5.2631578947368425,4.5964912280701755,3.596491228070176,3.596491228070176,2.5964912280701755,3.2631578947368425,5.2631578947368425,5.2631578947368425,3.929824561403509,3.2631578947368425,4.2631578947368425,4.4298245614035086,4.5964912280701755,4.929824561403509,3.2631578947368425,2.7631578947368425,3.929824561403509,4.9298245614035086,3.596491228070176,2.5964912280701755,3.2631578947368425,5.2631578947368425,3.818713450292398,4.396491228070175,2.929824561403509,4.5964912280701755,3.929824561403508
P002,1,2025-10,М,37.0,1,4.0,5.263157894736842,4.5964912280701755,3.929824561403509,3.929824561403509,4.263157894736842,3.263157894736842,3.263157894736842,5.5964912280701755,3.596491228070175,4.9298245614035086,2.263157894736842,4.5964912280701755,2.929824561403509,4.263157894736842,5.263157894736842,4.5964912280701755,1.9298245614035088,2.596491228070175,4.9298245614035086,4.9298245614035086,3.929824561403509,3.929824561403509,4.263157894736842,3.263157894736842,5.5964912280701755,4.263157894736842,3.429824561403509,2.929824561403509,4.263157894736842,4.9298245614035086,3.1520467836257304,3.8631578947368417,3.596491228070175,4.4298245614035086,3.663157894736842
P003,1,2025-10,М,26.0,1,4.0,5.438596491228071,6.438596491228071,4.105263157894737,5.771929824561404,5.438596491228071,4.771929824561403,5.105263157894737,5.105263157894737,5.771929824561404,4.105263157894737,2.7719298245614037,2.1052631578947367,2.1052631578947367,1.7719298245614037,5.438596491228071,4.771929824561403,1.4385964912280702,1.4385964912280702,2.1052631578947367,5.938596491228071,4.105263157894737,5.771929824561404,5.438596491228071,4.93859649122807,5.105263157894737,4.93859649122807,2.43859649122807,2.1052631578947367,1.7719298245614037,5.105263157894737,1.6608187134502923,3.0385964912280707,5.105263157894737,5.438596491228071,3.3719298245614033
P004,1,2025-10,Ж,33.0,1,4.000000000000001,4.3157894736842115,5.3157894736842115,3.649122807017545,5.3157894736842115,3.315789473684211,2.982456140350878,3.315789473684211,4.3157894736842115,3.982456140350878,4.3157894736842115,3.649122807017545,4.3157894736842115,2.649122807017544,3.982456140350878,4.982456140350878,4.6491228070175445,3.982456140350878,3.315789473684211,3.649122807017545,4.8157894736842115,3.649122807017545,5.3157894736842115,3.315789473684211,3.1491228070175445,4.3157894736842115,4.1491228070175445,3.982456140350878,2.649122807017544,3.982456140350878,4.815789473684211,3.649122807017545,4.115789473684211,3.2046783625731,4.6491228070175445,3.7824561403508783
P005,1,2025-10,М,38.0,1,4.0,5.649122807017544,4.649122807017544,4.649122807017544,4.649122807017544,4.315789473684211,3.649122807017544,4.649122807017544,3.649122807017544,2.982456140350877,4.649122807017544,1.649122807017544,3.649122807017544,2.3157894736842106,2.982456140350877,4.315789473684211,5.649122807017544,3.982456140350877,3.649122807017544,4.315789473684211,5.149122807017544,4.649122807017544,4.649122807017544,4.315789473684211,4.149122807017544,3.649122807017544,3.8157894736842106,2.649122807017544,2.3157894736842106,2.982456140350877,4.982456140350877,3.982456140350877,4.382456140350877,4.204678362573099,4.899122807017544,3.049122807017544
P006,1,2025-10,М,41.0,1,4.000000000000001,4.175438596491229,5.508771929824562,2.842105263157895,4.842105263157895,3.842105263157895,4.175438596491229,4.175438596491229,4.175438596491229,4.508771929824562,5.175438596491229,5.175438596491229,4.175438596491229,2.175438596491228,3.5087719298245617,3.175438596491228,4.175438596491229,4.175438596491229,2.842105263157895,3.175438596491228,4.842105263157896,2.842105263157895,4.842105263157895,3.842105263157895,4.175438596491229,4.175438596491229,4.842105263157896,4.675438596491229,2.175438596491228,3.5087719298245617,3.6754385964912286,3.3976608187134505,3.5087719298245617,4.064327485380118,4.342105263157896,4.242105263157895
P007,1,2025-10,М,35.0,1,4.0,3.8596491228070176,4.526315789473684,3.8596491228070176,3.5263157894736845,5.192982456140351,3.5263157894736845,3.192982456140351,4.859649122807018,4.526315789473684,4.526315789473684,4.192982456140351,4.526315789473684,1.8596491228070176,4.526315789473684,4.859649122807018,4.192982456140351,3.5263157894736845,2.8596491228070176,3.8596491228070176,4.192982456140351,3.8596491228070176,3.5263157894736845,5.192982456140351,3.359649122807018,4.859649122807018,4.526315789473684,4.359649122807017,1.8596491228070176,4.526315789473684,4.526315789473685,3.415204678362573,3.859649122807018,3.970760233918129,3.942982456140351,3.926315789473685
P008,1,2025-10,М,35.0,1,3.999999999999999,4.263157894736842,4.263157894736842,4.5964912280701755,3.929824561403509,4.263157894736842,2.263157894736842,3.929824561403509,3.929824561403509,4.263157894736842,4.263157894736842,3.263157894736842,3.263157894736842,3.263157894736842,4.263157894736842,4.9298245614035086,4.5964912280701755,4.9298245614035086,3.263157894736842,4.263157894736842,4.263157894736842,4.5964912280701755,3.929824561403509,4.263157894736842,3.0964912280701755,3.929824561403509,4.263157894736842,3.263157894736842,3.263157894736842,4.263157894736842,4.7631578947368425,4.152046783625731,4.396491228070175,3.485380116959064,4.2631578947368425,3.663157894736842
P009,1,2025-10,Ж,33.0,1,4.0,4.824561403508771,5.824561403508771,5.157894736842105,4.491228070175438,5.157894736842105,1.4912280701754386,3.824561403508772,6.157894736842105,1.824561403508772,3.4912280701754383,2.824561403508772,2.491228070175439,1.1578947368421053,3.157894736842105,4.824561403508771,5.824561403508771,5.491228070175438,4.824561403508771,3.157894736842105,5.324561403508771,5.157894736842105,4.491228070175438,5.157894736842105,2.6578947368421053,6.157894736842105,2.6578947368421053,2.6578947368421053,1.1578947368421053,3.157894736842105,5.324561403508771,4.4912280701754375,4.824561403508771,3.4912280701754383,5.074561403508771,2.357894736842105
P010,1,2025-10,Ж,37.0,1,4.0,5.12280701754386,4.456140350877193,5.12280701754386,5.12280701754386,4.7894736842105265,4.12280701754386,4.456140350877193,4.7894736842105265,5.12280701754386,4.456140350877193,3.1228070175438596,2.12280701754386,3.789473684210526,1.4561403508771933,5.456140350877193,3.789473684210526,3.456140350877193,0.7894736842105265,4.456140350877193,4.789473684210526,5.12280701754386,5.12280701754386,4.7894736842105265,4.289473684210526,4.7894736842105265,4.789473684210526,2.6228070175438596,3.789473684210526,1.4561403508771933,4.62280701754386,2.900584795321637,3.589473684210526,4.456140350877193,4.956140350877193,3.72280701754386
P011,1,2025-10,М,36.0,1,4.0,3.929824561403509,4.5964912280701755,3.929824561403509,4.2631578947368425,4.2631578947368425,3.2631578947368425,4.2631578947368425,4.2631578947368425,4.929824561403509,4.929824561403509,3.2631578947368425,3.2631578947368425,3.596491228070176,2.929824561403509,5.2631578947368425,4.929824561403509,3.2631578947368425,3.596491228070176,3.2631578947368425,4.2631578947368425,3.929824561403509,4.2631578947368425,4.2631578947368425,3.7631578947368425,4.2631578947368425,4.929824561403509,3.2631578947368425,3.596491228070176,2.929824561403509,5.096491228070176,3.3742690058479536,4.063157894736842,3.929824561403509,4.1798245614035086,3.996491228070176
P012,1,2025-10,Ж,42.0,1,4.000000000000001,5.666666666666667,6.333333333333333,3.6666666666666674,5.000000000000001,4.000000000000001,3.333333333333334,2.333333333333334,4.000000000000001,2.0,3.0,2.3333333333333335,3.6666666666666674,2.6666666666666665,4.000000000000001,3.3333333333333335,5.000000000000001,5.000000000000001,4.666666666666667,6.0,6.0,3.6666666666666674,5.000000000000001,4.000000000000001,2.833333333333334,4.000000000000001,2.5,3.0000000000000004,2.6666666666666665,4.000000000000001,4.166666666666667,5.222222222222222,4.8,3.2222222222222228,5.166666666666667,2.7333333333333334
P013,1,2025-10,М,31.0,1,4.000000000000001,5.701754385964912,5.035087719298246,5.035087719298246,4.368421052631579,4.368421052631579,3.701754385964912,3.3684210526315788,4.701754385964912,4.035087719298246,4.701754385964912,3.0350877192982453,3.3684210526315788,2.0350877192982457,2.701754385964912,3.701754385964912,4.701754385964912,3.701754385964912,3.0350877192982453,4.701754385964912,5.368421052631579,5.035087719298246,4.368421052631579,4.368421052631579,3.5350877192982457,4.701754385964912,4.368421052631579,3.201754385964912,2.0350877192982457,2.701754385964912,4.201754385964912,3.812865497076023,3.968421052631578,3.8128654970760234,5.035087719298246,3.435087719298245
P014,1,2025-10,М,35.0,1,3.999999999999999,4.473684210526316,3.1403508771929824,3.1403508771929824,4.473684210526316,4.807017543859649,3.4736842105263155,3.807017543859649,5.473684210526315,5.473684210526315,3.4736842105263155,3.1403508771929824,4.140350877192982,3.807017543859649,3.807017543859649,4.473684210526316,3.4736842105263155,4.807017543859649,4.473684210526316,2.1403508771929824,3.807017543859649,3.1403508771929824,4.473684210526316,4.807017543859649,3.640350877192982,5.473684210526315,4.473684210526315,3.640350877192982,3.807017543859649,3.807017543859649,3.973684210526316,3.8070175438596494,3.873684210526316,4.029239766081871,3.807017543859649,4.007017543859648
P015,1,2025-10,М,35.0,1,4.0,4.2631578947368425,4.2631578947368425,4.2631578947368425,5.2631578947368425,3.929824561403509,3.596491228070176,2.596491228070175,2.929824561403509,2.929824561403509,4.929824561403509,3.596491228070176,5.2631578947368425,1.5964912280701753,3.596491228070176,5.5964912280701755,3.929824561403509,5.5964912280701755,3.929824561403509,3.929824561403509,4.2631578947368425,4.2631578947368425,5.2631578947368425,3.929824561403509,3.0964912280701755,2.929824561403509,3.9298245614035094,4.429824561403509,1.5964912280701753,3.596491228070176,4.7631578947368425,4.485380116959065,4.5964912280701755,3.374269005847953,4.5131578947368425,3.6631578947368424
P016,1,2025-10,М,29.0,1,4.0,4.666666666666667,5.333333333333333,5.0,4.333333333333333,4.666666666666667,3.0,3.6666666666666665,5.333333333333333,5.0,4.0,3.6666666666666665,3.6666666666666665,3.0,2.333333333333333,5.0,4.0,4.0,1.6666666666666663,3.6666666666666665,5.0,5.0,4.333333333333333,4.666666666666667,3.333333333333333,5.333333333333333,4.5,3.6666666666666665,3.0,2.333333333333333,4.5,3.1111111111111107,3.6666666666666665,3.777777777777778,4.833333333333333,3.8666666666666663
P017,1,2025-10,М,37.0,1,4.000000000000002,4.894736842105263,5.228070175438597,5.228070175438597,5.228070175438597,5.228070175438597,4.56140350877193,4.56140350877193,2.2280701754385963,4.228070175438597,4.56140350877193,1.2280701754385963,3.56140350877193,3.2280701754385963,1.2280701754385963,4.56140350877193,4.56140350877193,3.2280701754385963,3.2280701754385963,5.228070175438597,5.06140350877193,5.228070175438597,5.228070175438597,5.228070175438597,4.56140350877193,2.2280701754385963,4.394736842105264,2.3947368421052633,3.2280701754385963,1.2280701754385963,4.56140350877193,3.8947368421052633,4.16140350877193,4.783625730994152,5.144736842105263,3.36140350877193
P018,1,2025-10,,,0,,,,,,,,,,,,,,,,,,,,,,,,,,,,,,,,,,,,
P019,1,2025-10,М,37.0,1,3.999999999999999,4.771929824561403,2.1052631578947367,2.1052631578947367,3.1052631578947363,4.438596491228069,2.771929824561403,2.4385964912280698,5.438596491228069,4.438596491228069,5.105263157894736,5.438596491228069,4.438596491228069,2.771929824561403,3.4385964912280698,6.105263157894736,5.438596491228069,5.105263157894736,1.7719298245614037,4.771929824561403,3.43859649122807,2.1052631578947367,3.1052631578947363,4.438596491228069,2.6052631578947363,5.438596491228069,4.771929824561402,4.938596491228069,2.771929824561403,3.4385964912280698,5.771929824561402,3.8830409356725144,4.6385964912280695,3.216374269005847,3.0219298245614032,4.438596491228069
P020,1,2025-10,М,42.0,1,4.0,4.333333333333333,5.333333333333333,2.3333333333333335,5.333333333333333,4.333333333333333,4.666666666666667,5.333333333333333,5.0,6.0,4.333333333333333,3.0,2.3333333333333335,1.0,2.0,5.0,5.0,3.6666666666666665,4.0,3.0,4.833333333333333,2.3333333333333335,5.333333333333333,4.333333333333333,5.0,5.0,5.166666666666666,2.666666666666667,1.0,2.0,5.0,3.5555555555555554,4.133333333333333,4.777777777777778,4.333333333333333,3.333333333333333
P021,1,2025-10,,,0,,,,,,,,,,,,,,,,,,,,,,,,,,,,,,,,,,,,
P022,1,2025-10,Ж,34.0,1,4.0,5.473684210526315,5.140350877192982,3.807017543859649,1.807017543859649,4.140350877192982,4.140350877192982,3.807017543859649,4.140350877192982,3.4736842105263155,4.473684210526316,1.807017543859649,4.140350877192982,3.807017543859649,4.473684210526316,5.807017543859648,5.473684210526315,2.1403508771929824,3.4736842105263155,4.473684210526316,5.307017543859649,3.807017543859649,1.807017543859649,4.140350877192982,3.973684210526315,4.140350877192982,3.973684210526316,2.9736842105263155,3.807017543859649,4.473684210526316,5.640350877192981,3.3625730994152043,4.273684210526315,4.029239766081871,4.057017543859649,3.5403508771929824
P023,1,2025-10,Ж,37.0,1,4.000000000000001,4.877192982456141,5.543859649122808,2.877192982456141,4.543859649122807,5.210526315789474,4.877192982456141,3.877192982456141,4.210526315789474,4.210526315789474,5.210526315789474,2.543859649122807,2.543859649122807,3.2105263157894743,3.543859649122808,4.877192982456141,3.543859649122808,2.877192982456141,3.877192982456141,3.543859649122808,5.210526315789474,2.877192982456141,4.543859649122807,5.210526315789474,4.377192982456141,4.210526315789474,4.710526315789474,2.543859649122807,3.2105263157894743,3.543859649122808,4.210526315789474,3.432748538011696,3.743859649122808,4.654970760233919,4.460526315789474,3.5438596491228074
P024,1,2025-10,М,33.0,1,4.000000000000001,5.701754385964914,5.035087719298246,5.36842105263158,5.36842105263158,5.035087719298246,4.36842105263158,5.36842105263158,4.035087719298246,3.0350877192982453,3.701754385964912,3.0350877192982453,3.3684210526315788,1.701754385964912,3.3684210526315788,4.701754385964913,4.36842105263158,2.701754385964912,2.0350877192982453,3.7017543859649127,5.36842105263158,5.36842105263158,5.36842105263158,5.035087719298246,4.86842105263158,4.035087719298246,3.3684210526315788,3.201754385964912,1.701754385964912,3.3684210526315788,4.535087719298247,2.8128654970760234,3.5017543859649125,4.923976608187135,5.36842105263158,2.968421052631579
P025,1,2025-10,М,35.0,1,4.0,6.0,5.333333333333333,5.666666666666667,6.0,3.6666666666666674,4.000000000000001,4.333333333333334,2.3333333333333335,4.000000000000001,5.333333333333333,2.3333333333333335,2.0,1.6666666666666667,3.3333333333333335,4.000000000000001,4.333333333333334,4.333333333333334,3.333333333333334,4.000000000000001,5.666666666666666,5.666666666666667,6.0,3.6666666666666674,4.166666666666668,2.3333333333333335,4.666666666666667,2.166666666666667,1.6666666666666667,3.3333333333333335,4.166666666666668,3.8888888888888897,4.0,4.000000000000001,5.75,3.066666666666667
P026,1,2025-10,М,36.0,1,4.000000000000001,5.017543859649123,5.68421052631579,5.68421052631579,3.68421052631579,4.017543859649123,2.350877192982457,2.350877192982456,3.68421052631579,3.0175438596491233,3.68421052631579,3.017543859649123,4.017543859649123,3.017543859649123,4.017543859649123,5.017543859649123,5.017543859649123,3.68421052631579,3.68421052631579,5.350877192982456,5.350877192982457,5.68421052631579,3.68421052631579,4.017543859649123,2.3508771929824563,3.68421052631579,3.3508771929824563,3.5175438596491233,3.017543859649123,4.017543859649123,5.017543859649123,4.239766081871346,4.5508771929824565,2.906432748538012,5.017543859649124,3.3508771929824563
P027,1,2025-10,М,32.0,1,4.0,4.473684210526316,5.140350877192983,4.473684210526316,4.140350877192983,3.4736842105263164,2.473684210526316,2.8070175438596494,4.473684210526316,4.80701754385965,5.140350877192983,4.140350877192983,2.473684210526316,3.4736842105263164,3.8070175438596494,5.140350877192983,5.473684210526316,4.140350877192983,2.473684210526316,3.4736842105263164,4.807017543859649,4.473684210526316,4.140350877192983,3.4736842105263164,2.640350877192983,4.473684210526316,4.973684210526317,3.3070175438596494,3.4736842105263164,3.8070175438596494,5.307017543859649,3.3625730994152048,4.140350877192983,2.91812865497076,4.557017543859649,4.007017543859649
P028,1,2025-10,М,33.0,1,4.0,3.298245614035088,5.298245614035088,3.9649122807017543,3.9649122807017543,4.631578947368421,3.298245614035088,4.631578947368421,4.964912280701754,3.631578947368421,4.298245614035088,2.631578947368421,5.631578947368421,3.298245614035088,3.298245614035088,4.298245614035088,4.298245614035088,3.298245614035088,3.9649122807017543,3.298245614035088,4.298245614035088,3.9649122807017543,3.9649122807017543,4.631578947368421,3.9649122807017543,4.964912280701754,3.9649122807017543,4.131578947368421,3.298245614035088,3.298245614035088,4.298245614035088,3.52046783625731,3.8315789473684214,4.187134502923977,4.131578947368421,3.898245614035088
P029,1,2025-10,,,0,,,,,,,,,,,,,,,,,,,,,,,,,,,,,,,,,,,,
P030,1,2025-10,Ж,30.0,1,4.000000000000001,5.5964912280701755,4.929824561403509,4.929824561403509,3.2631578947368425,4.2631578947368425,4.5964912280701755,2.596491228070176,2.929824561403509,4.929824561403509,4.5964912280701755,2.596491228070175,3.2631578947368425,2.2631578947368425,2.929824561403509,3.929824561403509,3.596491228070176,5.2631578947368425,3.929824561403509,5.5964912280701755,5.2631578947368425,4.929824561403509,3.2631578947368425,4.2631578947368425,3.5964912280701755,2.929824561403509,4.7631578947368425,2.929824561403509,2.2631578947368425,2.929824561403509,3.7631578947368425,4.929824561403509,4.463157894736843,3.8187134502923983,4.679824561403509,3.529824561403509
P031,1,2025-10,Ж,,1,4.0,6.192982456140352,6.192982456140352,6.192982456140352,4.859649122807018,5.526315789473685,4.859649122807018,5.526315789473685,4.192982456140351,2.8596491228070176,5.859649122807018,2.192982456140351,1.5263157894736843,2.192982456140351,1.5263157894736843,5.526315789473685,2.8596491228070176,1.8596491228070176,3.5263157894736845,2.5263157894736845,6.192982456140352,6.192982456140352,4.859649122807018,5.526315789473685,5.192982456140351,4.192982456140351,4.359649122807018,1.8596491228070176,2.192982456140351,1.5263157894736843,4.192982456140351,2.6374269005847957,3.259649122807018,5.304093567251463,5.859649122807018,2.9263157894736844
P032,1,2025-10,М,33.0,1,3.999999999999999,4.385964912280701,3.719298245614034,4.385964912280701,3.719298245614034,3.719298245614034,2.7192982456140347,2.7192982456140355,2.7192982456140355,6.052631578947367,4.385964912280701,3.385964912280702,4.385964912280701,5.719298245614034,3.719298245614034,5.052631578947368,5.719298245614034,3.052631578947368,1.385964912280702,5.052631578947368,4.052631578947368,4.385964912280701,3.719298245614034,3.719298245614034,2.719298245614035,2.7192982456140355,5.219298245614034,3.8859649122807016,5.719298245614034,3.719298245614034,5.385964912280701,3.1637426900584793,4.052631578947368,3.052631578947368,4.052631578947368,4.7859649122807015
P033,2,2026-02,Ж,56.0,1,4.000000000000001,4.543859649122807,5.210526315789474,4.210526315789474,5.543859649122808,4.210526315789474,3.877192982456141,4.877192982456141,5.210526315789474,4.543859649122807,3.2105263157894743,2.543859649122807,3.543859649122808,3.543859649122808,2.543859649122808,3.2105263157894743,3.543859649122808,3.543859649122807,2.8771929824561404,5.210526315789474,4.87719298245614,4.210526315789474,5.543859649122808,4.210526315789474,4.377192982456141,5.210526315789474,3.877192982456141,3.0438596491228074,3.543859649122808,2.543859649122808,3.3771929824561413,3.877192982456141,3.677192982456141,4.321637426900586,4.87719298245614,3.4771929824561405
P034,2,2026-02,Ж,46.0,1,4.000000000000002,4.245614035087719,4.912280701754386,4.245614035087719,3.9122807017543857,3.5789473684210527,2.5789473684210527,2.5789473684210527,3.5789473684210527,3.9122807017543857,4.245614035087719,4.578947368421052,3.5789473684210527,3.9122807017543857,3.245614035087719,4.245614035087719,4.912280701754386,5.245614035087719,4.245614035087719,4.245614035087719,4.578947368421053,4.245614035087719,3.9122807017543857,3.5789473684210527,2.5789473684210527,3.5789473684210527,4.078947368421052,4.078947368421052,3.9122807017543857,3.245614035087719,4.578947368421053,4.578947368421052,4.578947368421053,2.9122807017543857,4.328947368421053,4.045614035087718
P035,2,2026-02,Ж,45.0,1,3.999999999999999,4.614035087719298,4.614035087719298,3.9473684210526314,3.9473684210526314,4.280701754385965,3.614035087719298,3.614035087719298,4.614035087719298,5.280701754385965,5.280701754385965,4.947368421052631,3.2807017543859645,3.9473684210526314,2.2807017543859645,5.280701754385965,3.2807017543859645,3.9473684210526314,2.9473684210526314,2.2807017543859645,4.614035087719298,3.9473684210526314,3.9473684210526314,4.280701754385965,3.614035087719298,4.614035087719298,5.280701754385965,4.114035087719298,3.9473684210526314,2.2807017543859645,4.280701754385965,3.0584795321637426,3.5473684210526315,3.8362573099415207,4.280701754385965,4.5473684210526315
P036,2,2026-02,Ж,32.0,1,4.0,4.771929824561403,4.771929824561403,3.43859649122807,3.43859649122807,3.771929824561404,2.43859649122807,4.105263157894737,2.43859649122807,4.43859649122807,5.105263157894737,5.438596491228071,2.7719298245614037,2.7719298245614037,2.7719298245614037,5.105263157894737,4.771929824561403,5.438596491228071,4.771929824561403,3.43859649122807,4.771929824561403,3.43859649122807,3.43859649122807,3.771929824561404,3.2719298245614037,2.43859649122807,4.771929824561404,4.105263157894737,2.7719298245614037,2.7719298245614037,4.93859649122807,4.549707602339182,4.705263157894737,3.43859649122807,4.105263157894736,4.105263157894738
P037,2,2026-02,Ж,44.0,1,3.999999999999999,5.473684210526315,5.807017543859648,4.807017543859649,4.807017543859649,5.140350877192982,3.807017543859649,3.807017543859649,3.1403508771929824,4.140350877192982,4.807017543859649,2.1403508771929824,1.807017543859649,2.1403508771929824,1.4736842105263157,4.807017543859649,4.807017543859649,4.807017543859649,3.807017543859649,4.473684210526316,5.640350877192981,4.807017543859649,4.807017543859649,5.140350877192982,3.807017543859649,3.1403508771929824,4.473684210526315,1.9736842105263157,2.1403508771929824,1.4736842105263157,4.807017543859649,4.362573099415204,4.540350877192982,4.251461988304093,5.223684210526315,3.007017543859649
P038,2,2026-02,Ж,40.0,1,3.9999999999999987,4.070175438596491,4.4035087719298245,3.403508771929824,4.4035087719298245,5.070175438596491,3.403508771929824,3.070175438596491,4.070175438596491,4.7368421052631575,4.4035087719298245,4.4035087719298245,3.403508771929824,4.070175438596491,1.7368421052631575,4.4035087719298245,4.4035087719298245,4.4035087719298245,4.4035087719298245,3.7368421052631575,4.2368421052631575,3.403508771929824,4.4035087719298245,5.070175438596491,3.2368421052631575,4.070175438596491,4.5701754385964914,3.903508771929825,4.070175438596491,1.7368421052631575,4.4035087719298245,4.181286549707602,4.270175438596491,3.847953216374268,4.070175438596491,4.203508771929824
P039,2,2026-02,Ж,58.0,1,4.0,5.070175438596491,5.7368421052631575,5.070175438596491,3.7368421052631575,5.070175438596491,1.7368421052631575,3.070175438596491,4.070175438596491,4.7368421052631575,3.070175438596491,3.403508771929824,2.070175438596491,3.7368421052631575,3.070175438596491,4.7368421052631575,5.070175438596491,4.7368421052631575,4.070175438596491,3.7368421052631575,5.403508771929824,5.070175438596491,3.7368421052631575,5.070175438596491,2.4035087719298245,4.070175438596491,3.903508771929825,2.7368421052631575,3.7368421052631575,3.070175438596491,4.903508771929824,4.181286549707601,4.47017543859649,3.292397660818713,4.903508771929824,3.403508771929824
P040,2,2026-02,Ж,26.0,1,3.999999999999999,5.19298245614035,4.859649122807017,4.19298245614035,5.19298245614035,4.859649122807017,3.859649122807017,3.859649122807017,2.5263157894736836,4.859649122807017,4.526315789473684,1.859649122807017,1.5263157894736838,4.19298245614035,1.5263157894736838,4.859649122807017,5.526315789473684,4.859649122807017,2.859649122807017,4.859649122807017,5.026315789473683,4.19298245614035,5.19298245614035,4.859649122807017,3.859649122807017,2.5263157894736836,4.692982456140351,1.6929824561403506,4.19298245614035,1.5263157894736838,5.192982456140351,4.19298245614035,4.5929824561403505,4.19298245614035,4.859649122807016,3.3929824561403508
P041,2,2026-02,М,49.0,1,4.0,5.421052631578948,6.087719298245614,4.421052631578948,2.754385964912281,4.087719298245614,3.0877192982456143,3.754385964912281,3.754385964912281,3.4210526315789473,3.754385964912281,3.4210526315789473,3.0877192982456143,2.4210526315789473,4.421052631578948,5.087719298245614,5.087719298245614,2.4210526315789473,3.754385964912281,5.754385964912281,5.754385964912281,4.421052631578948,2.754385964912281,4.087719298245614,3.421052631578948,3.754385964912281,3.587719298245614,3.254385964912281,2.4210526315789473,4.421052631578948,5.087719298245614,3.9766081871345023,4.421052631578947,3.6432748538011697,4.671052631578948,3.221052631578947
P042,2,2026-02,Ж,36.0,1,4.0,3.9649122807017543,4.964912280701754,4.298245614035088,3.9649122807017543,4.631578947368421,3.298245614035088,3.9649122807017543,4.964912280701754,3.9649122807017543,4.631578947368421,4.964912280701754,4.964912280701754,4.631578947368421,2.298245614035088,4.298245614035088,2.631578947368421,3.631578947368421,1.631578947368421,4.298245614035088,4.464912280701754,4.298245614035088,3.9649122807017543,4.631578947368421,3.631578947368421,4.964912280701754,4.298245614035088,4.964912280701754,4.631578947368421,2.298245614035088,3.4649122807017543,3.187134502923977,3.298245614035088,3.9649122807017543,4.298245614035087,4.631578947368421
P043,2,2026-02,Ж,38.0,1,4.000000000000001,5.68421052631579,5.68421052631579,5.68421052631579,4.350877192982456,3.6842105263157894,3.6842105263157894,4.017543859649122,4.017543859649122,4.017543859649122,2.350877192982456,0.6842105263157894,1.6842105263157894,4.684210526315789,3.017543859649123,4.350877192982456,5.017543859649122,4.684210526315789,4.684210526315789,4.017543859649122,5.68421052631579,5.68421052631579,4.350877192982456,3.6842105263157894,3.850877192982456,4.017543859649122,3.1842105263157894,1.1842105263157894,4.684210526315789,3.017543859649123,4.684210526315789,4.461988304093567,4.5508771929824565,3.795321637426901,5.350877192982456,2.6842105263157894
P044,2,2026-02,,,0,,,,,,,,,,,,,,,,,,,,,,,,,,,,,,,,,,,,
P045,2,2026-02,,,0,,,,,,,,,,,,,,,,,,,,,,,,,,,,,,,,,,,,
P046,2,2026-02,М,28.0,1,3.9999999999999987,5.4035087719298245,5.7368421052631575,4.070175438596491,2.7368421052631575,5.070175438596491,3.403508771929824,4.4035087719298245,4.4035087719298245,5.7368421052631575,2.7368421052631575,2.070175438596491,2.403508771929824,5.4035087719298245,2.7368421052631575,5.4035087719298245,4.7368421052631575,2.070175438596491,2.7368421052631575,4.7368421052631575,5.5701754385964914,4.070175438596491,2.7368421052631575,5.070175438596491,3.903508771929825,4.4035087719298245,4.2368421052631575,2.2368421052631575,5.4035087719298245,2.7368421052631575,5.0701754385964914,3.181286549707602,3.9368421052631577,4.292397660818713,4.4868421052631575,3.670175438596491
P047,2,2026-02,Ж,42.0,1,4.000000000000001,4.80701754385965,5.140350877192983,4.473684210526316,4.140350877192983,3.8070175438596494,1.140350877192983,1.140350877192983,4.140350877192983,4.473684210526316,3.8070175438596494,3.4736842105263164,3.8070175438596494,3.8070175438596494,3.8070175438596494,5.140350877192983,4.80701754385965,5.140350877192983,4.80701754385965,4.140350877192983,4.973684210526317,4.473684210526316,4.140350877192983,3.8070175438596494,1.140350877192983,4.140350877192983,4.140350877192983,3.640350877192983,3.8070175438596494,3.8070175438596494,4.973684210526317,4.695906432748539,4.80701754385965,2.0292397660818717,4.640350877192983,3.873684210526316
P048,2,2026-02,Ж,47.0,1,4.000000000000001,4.228070175438597,5.228070175438597,4.561403508771931,3.894736842105264,5.228070175438597,3.894736842105264,3.5614035087719302,4.561403508771931,4.228070175438597,4.561403508771931,2.8947368421052637,2.8947368421052637,3.894736842105264,1.8947368421052635,4.894736842105264,3.894736842105264,3.5614035087719302,3.228070175438597,4.894736842105264,4.728070175438597,4.561403508771931,3.894736842105264,5.228070175438597,3.7280701754385968,4.561403508771931,4.394736842105264,2.8947368421052637,3.894736842105264,1.8947368421052635,4.394736842105264,3.894736842105264,4.094736842105264,4.228070175438597,4.478070175438597,3.694736842105263
P049,2,2026-02,Ж,49.0,1,4.0,3.614035087719298,3.9473684210526314,2.9473684210526314,3.9473684210526314,3.9473684210526314,2.280701754385965,2.6140350877192984,4.947368421052631,5.280701754385965,3.614035087719298,3.9473684210526314,4.280701754385965,4.280701754385965,3.2807017543859645,5.280701754385965,4.947368421052631,4.614035087719298,3.9473684210526314,4.280701754385965,3.780701754385965,2.9473684210526314,3.9473684210526314,3.9473684210526314,2.447368421052632,4.947368421052631,4.447368421052632,4.114035087719298,4.280701754385965,3.2807017543859645,5.114035087719298,4.280701754385965,4.614035087719298,2.9473684210526314,3.6140350877192984,4.280701754385965
P050,2,2026-02,Ж,31.0,1,3.999999999999999,4.859649122807017,4.859649122807017,4.526315789473684,4.526315789473684,3.859649122807017,3.1929824561403506,3.1929824561403506,3.1929824561403506,4.19298245614035,3.1929824561403506,2.526315789473684,1.859649122807017,4.19298245614035,4.19298245614035,4.859649122807017,4.859649122807017,4.526315789473684,4.859649122807017,4.526315789473684,4.859649122807017,4.526315789473684,4.526315789473684,3.859649122807017,3.1929824561403506,3.1929824561403506,3.69298245614035,2.1929824561403506,4.19298245614035,4.19298245614035,4.859649122807017,4.637426900584796,4.726315789473684,3.415204678362573,4.692982456140351,3.1929824561403506
P051,2,2026-02,М,53.0,1,4.0,5.315789473684211,5.315789473684211,4.649122807017544,3.649122807017544,3.649122807017544,0.9824561403508772,1.9824561403508776,4.982456140350878,3.982456140350877,3.3157894736842106,3.3157894736842106,3.649122807017544,3.649122807017544,3.982456140350877,4.982456140350878,4.982456140350878,4.649122807017544,4.982456140350878,3.982456140350877,5.315789473684211,4.649122807017544,3.649122807017544,3.649122807017544,1.4824561403508774,4.982456140350878,3.649122807017544,3.4824561403508776,3.649122807017544,3.982456140350877,4.982456140350878,4.538011695906433,4.71578947368421,2.2046783625730995,4.732456140350878,3.5824561403508772
P052,2,2026-02,Ж,46.0,1,3.999999999999999,4.0,4.666666666666667,3.6666666666666665,4.0,4.666666666666667,3.6666666666666665,4.0,4.333333333333333,4.333333333333333,4.0,4.333333333333333,3.0,4.666666666666667,1.666666666666667,4.666666666666667,4.333333333333333,4.333333333333333,3.3333333333333335,4.333333333333333,4.333333333333334,3.6666666666666665,4.0,4.666666666666667,3.833333333333333,4.333333333333333,4.166666666666666,3.6666666666666665,4.666666666666667,1.666666666666667,4.5,4.0,4.2,4.111111111111112,4.083333333333334,4.066666666666666
P053,2,2026-02,М,40.0,1,4.0,4.666666666666667,4.666666666666667,4.0,4.0,4.0,2.6666666666666665,2.0000000000000004,2.3333333333333335,4.666666666666667,4.0,4.0,4.666666666666667,4.333333333333333,3.0,4.666666666666667,4.666666666666667,4.666666666666667,4.333333333333333,4.666666666666667,4.666666666666667,4.0,4.0,4.0,2.3333333333333335,2.3333333333333335,4.333333333333334,4.333333333333334,4.333333333333333,3.0,4.666666666666667,4.555555555555556,4.6000000000000005,2.888888888888889,4.333333333333334,4.333333333333334
P054,2,2026-02,,,0,,,,,,,,,,,,,,,,,,,,,,,,,,,,,,,,,,,,
P055,2,2026-02,Ж,25.0,1,3.999999999999999,4.087719298245614,4.421052631578948,4.421052631578948,4.421052631578948,4.754385964912281,4.087719298245614,4.087719298245614,5.421052631578948,3.754385964912281,3.754385964912281,3.0877192982456143,4.087719298245614,3.0877192982456143,1.754385964912281,4.754385964912281,4.421052631578948,4.421052631578948,3.754385964912281,3.4210526315789473,4.254385964912281,4.421052631578948,4.421052631578948,4.754385964912281,4.087719298245614,5.421052631578948,3.754385964912281,3.587719298245614,3.0877192982456143,1.754385964912281,4.587719298245615,3.865497076023392,4.154385964912281,4.309941520467835,4.337719298245615,3.5543859649122806
P056,2,2026-02,Ж,35.0,1,4.0,5.649122807017544,5.649122807017544,3.649122807017543,3.9824561403508767,4.31578947368421,3.649122807017543,2.9824561403508767,4.982456140350877,4.31578947368421,3.9824561403508767,2.6491228070175437,3.649122807017543,1.6491228070175437,2.6491228070175437,4.31578947368421,4.31578947368421,4.649122807017544,4.31578947368421,4.649122807017544,5.649122807017544,3.649122807017543,3.9824561403508767,4.31578947368421,3.3157894736842097,4.982456140350877,4.149122807017543,3.1491228070175437,1.6491228070175437,2.6491228070175437,4.31578947368421,4.538011695906433,4.4491228070175435,3.649122807017543,4.732456140350877,3.2491228070175437
P057,2,2026-02,Ж,31.0,1,4.0,4.245614035087719,4.245614035087719,4.245614035087719,4.578947368421052,4.245614035087719,2.9122807017543857,2.245614035087719,4.245614035087719,4.578947368421052,3.5789473684210527,3.245614035087719,3.5789473684210527,5.245614035087719,3.5789473684210527,4.578947368421052,4.912280701754386,4.578947368421052,2.9122807017543857,4.245614035087719,4.245614035087719,4.245614035087719,4.578947368421052,4.245614035087719,2.578947368421052,4.245614035087719,4.078947368421052,3.412280701754386,5.245614035087719,3.5789473684210527,4.745614035087719,3.9122807017543857,4.245614035087719,3.134502923976608,4.328947368421052,4.045614035087718
P058,2,2026-02,Ж,39.0,1,3.999999999999999,4.19298245614035,5.19298245614035,3.1929824561403506,2.1929824561403506,3.5263157894736836,2.1929824561403506,1.1929824561403508,3.859649122807017,3.859649122807017,4.526315789473684,4.526315789473684,3.859649122807017,4.19298245614035,3.5263157894736836,5.19298245614035,5.526315789473684,5.526315789473684,4.859649122807017,4.859649122807017,4.69298245614035,3.1929824561403506,2.1929824561403506,3.5263157894736836,1.6929824561403506,3.859649122807017,4.192982456140351,4.192982456140351,4.19298245614035,3.5263157894736836,5.359649122807017,5.081871345029239,5.192982456140351,2.3040935672514617,3.6929824561403506,4.192982456140351
P059,2,2026-02,Ж,32.0,1,4.0,5.719298245614035,6.385964912280702,3.719298245614035,5.385964912280702,3.385964912280702,4.052631578947369,2.3859649122807016,2.7192982456140355,3.719298245614035,4.719298245614035,2.0526315789473686,1.719298245614035,1.719298245614035,3.719298245614035,5.385964912280702,6.052631578947369,5.385964912280702,3.0526315789473686,4.719298245614035,6.052631578947368,3.719298245614035,5.385964912280702,3.385964912280702,3.219298245614035,2.7192982456140355,4.219298245614035,1.8859649122807016,1.719298245614035,3.719298245614035,5.719298245614036,4.385964912280702,4.919298245614035,3.2748538011695913,5.302631578947368,2.785964912280702
P060,3,2026-03,М,35.0,1,4.000000000000001,4.929824561403509,4.929824561403509,5.5964912280701755,4.5964912280701755,5.2631578947368425,6.2631578947368425,4.5964912280701755,4.5964912280701755,3.929824561403509,4.5964912280701755,1.9298245614035088,3.929824561403509,2.263157894736842,2.929824561403509,4.5964912280701755,4.5964912280701755,1.5964912280701753,1.263157894736842,3.596491228070176,4.929824561403509,5.5964912280701755,4.5964912280701755,5.2631578947368425,5.4298245614035086,4.5964912280701755,4.2631578947368425,2.929824561403509,2.263157894736842,2.929824561403509,4.5964912280701755,2.1520467836257313,3.1298245614035087,5.374269005847953,5.0131578947368425,3.329824561403509
P061,3,2026-03,М,32.0,1,3.999999999999999,3.789473684210526,3.456140350877193,2.789473684210526,4.456140350877193,5.12280701754386,2.456140350877193,2.456140350877193,5.12280701754386,6.12280701754386,5.456140350877193,4.12280701754386,4.12280701754386,3.456140350877193,2.1228070175438596,5.456140350877193,5.12280701754386,3.789473684210526,4.456140350877193,2.1228070175438596,3.622807017543859,2.789473684210526,4.456140350877193,5.12280701754386,2.456140350877193,5.12280701754386,5.789473684210526,4.12280701754386,3.456140350877193,2.1228070175438596,5.289473684210526,3.456140350877193,4.189473684210526,3.3450292397660824,3.622807017543859,4.656140350877193
P062,3,2026-03,М,33.0,1,4.0,5.824561403508771,6.157894736842105,2.824561403508772,3.157894736842105,5.491228070175438,5.491228070175438,4.157894736842105,4.491228070175438,5.157894736842105,4.491228070175438,2.824561403508772,2.1578947368421053,2.491228070175439,1.824561403508772,4.824561403508771,4.157894736842105,3.4912280701754383,3.157894736842105,3.824561403508772,5.991228070175438,2.824561403508772,3.157894736842105,5.491228070175438,4.824561403508772,4.491228070175438,4.824561403508772,2.4912280701754383,2.491228070175439,1.824561403508772,4.491228070175438,3.4912280701754383,3.8912280701754383,5.046783625730995,4.491228070175438,3.424561403508772
P063,3,2026-03,М,36.0,1,3.999999999999999,5.070175438596491,5.070175438596491,4.4035087719298245,5.070175438596491,5.070175438596491,4.4035087719298245,4.4035087719298245,3.7368421052631575,3.7368421052631575,4.4035087719298245,1.4035087719298245,3.403508771929824,3.070175438596491,2.7368421052631575,5.070175438596491,4.7368421052631575,2.7368421052631575,3.403508771929824,4.070175438596491,5.070175438596491,4.4035087719298245,5.070175438596491,5.070175438596491,4.4035087719298245,3.7368421052631575,4.0701754385964914,2.4035087719298245,3.070175438596491,2.7368421052631575,4.903508771929824,3.403508771929824,4.003508771929824,4.625730994152047,4.903508771929824,3.2035087719298247
P064,3,2026-03,,,0,,,,,,,,,,,,,,,,,,,,,,,,,,,,,,,,,,,,
P065,3,2026-03,Ж,34.0,1,4.0,5.5964912280701755,5.5964912280701755,3.929824561403509,4.263157894736842,5.263157894736842,4.5964912280701755,4.263157894736842,3.596491228070175,4.5964912280701755,4.263157894736842,2.929824561403509,1.9298245614035088,3.596491228070175,1.9298245614035088,4.9298245614035086,4.5964912280701755,3.929824561403509,1.5964912280701753,4.5964912280701755,5.5964912280701755,3.929824561403509,4.263157894736842,5.263157894736842,4.4298245614035086,3.596491228070175,4.4298245614035086,2.429824561403509,3.596491228070175,1.9298245614035088,4.7631578947368425,3.374269005847953,3.929824561403508,4.707602339181286,4.8464912280701755,3.4631578947368418
P066,3,2026-03,М,36.0,1,4.0,5.140350877192982,5.807017543859648,4.140350877192982,3.807017543859649,4.473684210526316,2.4736842105263155,3.1403508771929824,4.140350877192982,5.140350877192982,4.807017543859649,3.4736842105263155,3.807017543859649,3.807017543859649,3.1403508771929824,5.140350877192982,4.473684210526316,3.1403508771929824,1.807017543859649,4.140350877192982,5.473684210526315,4.140350877192982,3.807017543859649,4.473684210526316,2.807017543859649,4.140350877192982,4.973684210526315,3.640350877192982,3.807017543859649,3.1403508771929824,4.807017543859649,3.029239766081871,3.740350877192982,3.3625730994152043,4.723684210526315,4.207017543859649
P067,3,2026-03,Ж,35.0,1,4.0,3.789473684210526,5.12280701754386,4.456140350877193,2.789473684210526,5.456140350877193,4.7894736842105265,4.7894736842105265,4.456140350877193,4.456140350877193,4.12280701754386,3.789473684210526,4.7894736842105265,2.456140350877193,1.4561403508771933,4.456140350877193,5.12280701754386,2.12280701754386,3.789473684210526,3.789473684210526,4.456140350877193,4.456140350877193,2.789473684210526,5.456140350877193,4.7894736842105265,4.456140350877193,4.289473684210526,4.2894736842105265,2.456140350877193,1.4561403508771933,4.789473684210526,3.2339181286549707,3.856140350877193,5.011695906432749,4.0394736842105265,3.9228070175438594
P068,3,2026-03,М,33.0,1,4.0,4.666666666666667,5.0,5.666666666666667,4.333333333333333,5.0,3.6666666666666665,3.3333333333333335,3.6666666666666665,4.666666666666667,3.6666666666666665,2.3333333333333335,3.0,3.6666666666666665,2.6666666666666665,5.333333333333333,4.666666666666667,2.6666666666666665,3.3333333333333335,4.666666666666667,4.833333333333334,5.666666666666667,4.333333333333333,5.0,3.5,3.6666666666666665,4.166666666666667,2.666666666666667,3.6666666666666665,2.6666666666666665,5.0,3.555555555555556,4.133333333333334,4.0,4.916666666666667,3.4666666666666672
P069,3,2026-03,,,0,,,,,,,,,,,,,,,,,,,,,,,,,,,,,,,,,,,,
P070,3,2026-03,,,0,,,,,,,,,,,,,,,,,,,,,,,,,,,,,,,,,,,,
P071,3,2026-03,,,0,,,,,,,,,,,,,,,,,,,,,,,,,,,,,,,,,,,,
P072,3,2026-03,М,36.0,1,4.000000000000002,5.052631578947369,5.385964912280702,5.052631578947369,4.052631578947369,5.052631578947369,5.052631578947369,5.052631578947369,3.385964912280702,3.719298245614035,4.052631578947369,2.7192982456140355,2.7192982456140355,3.385964912280702,2.7192982456140355,5.385964912280702,5.052631578947369,2.7192982456140355,2.7192982456140355,2.7192982456140355,5.219298245614036,5.052631578947369,4.052631578947369,5.052631578947369,5.052631578947369,3.385964912280702,3.885964912280702,2.7192982456140355,3.385964912280702,2.7192982456140355,5.219298245614036,2.7192982456140355,3.719298245614035,5.052631578947369,4.885964912280703,3.3192982456140356
P073,3,2026-03,М,36.0,1,3.999999999999999,5.614035087719298,5.280701754385965,3.9473684210526314,4.280701754385965,4.614035087719298,2.9473684210526314,2.9473684210526314,3.9473684210526314,4.947368421052631,4.280701754385965,4.614035087719298,4.614035087719298,2.280701754385965,3.9473684210526314,4.947368421052631,4.947368421052631,2.9473684210526314,2.9473684210526314,1.9473684210526316,5.447368421052632,3.9473684210526314,4.280701754385965,4.614035087719298,2.9473684210526314,3.9473684210526314,4.614035087719298,4.614035087719298,2.280701754385965,3.9473684210526314,4.947368421052631,2.6140350877192984,3.5473684210526315,3.502923976608187,4.780701754385965,4.147368421052631
P074,3,2026-03,М,37.0,1,3.999999999999999,5.263157894736842,5.263157894736842,3.929824561403509,3.929824561403509,5.263157894736842,4.9298245614035086,3.596491228070175,4.5964912280701755,4.9298245614035086,4.5964912280701755,2.596491228070175,2.929824561403509,4.5964912280701755,2.263157894736842,3.596491228070175,4.5964912280701755,2.929824561403509,2.929824561403509,3.263157894736842,5.263157894736842,3.929824561403509,3.929824561403509,5.263157894736842,4.263157894736842,4.5964912280701755,4.7631578947368425,2.7631578947368416,4.5964912280701755,2.263157894736842,4.0964912280701755,3.0409356725146197,3.4631578947368418,4.5964912280701755,4.596491228070175,3.929824561403508
P075,3,2026-03,М,31.0,1,3.9999999999999987,4.947368421052631,4.947368421052631,3.9473684210526314,3.2807017543859645,5.280701754385965,4.947368421052631,4.280701754385965,5.280701754385965,5.280701754385965,2.9473684210526314,2.9473684210526314,3.9473684210526314,2.9473684210526314,1.280701754385965,4.280701754385965,3.9473684210526314,4.280701754385965,3.2807017543859645,3.9473684210526314,4.947368421052631,3.9473684210526314,3.2807017543859645,5.280701754385965,4.614035087719298,5.280701754385965,4.114035087719298,3.4473684210526314,2.9473684210526314,1.280701754385965,4.114035087719298,3.8362573099415207,3.9473684210526314,4.83625730994152,4.280701754385965,3.614035087719298
P076,3,2026-03,,,0,,,,,,,,,,,,,,,,,,,,,,,,,,,,,,,,,,,,
P077,3,2026-03,,,0,,,,,,,,,,,,,,,,,,,,,,,,,,,,,,,,,,,,
P078,3,2026-03,,,0,,,,,,,,,,,,,,,,,,,,,,,,,,,,,,,,,,,,
P079,3,2026-03,Ж,37.0,1,4.0,4.087719298245614,5.421052631578948,5.087719298245614,4.421052631578948,4.087719298245614,2.754385964912281,4.087719298245614,4.421052631578948,4.421052631578948,4.421052631578948,2.754385964912281,3.754385964912281,3.4210526315789473,3.0877192982456143,4.087719298245614,3.754385964912281,4.421052631578948,2.754385964912281,4.754385964912281,4.754385964912281,5.087719298245614,4.421052631578948,4.087719298245614,3.4210526315789473,4.421052631578948,4.421052631578948,3.254385964912281,3.4210526315789473,3.0877192982456143,3.9210526315789473,3.976608187134504,3.954385964912281,3.6432748538011697,4.754385964912281,3.754385964912281
P080,3,2026-03,М,36.0,1,4.0,5.140350877192983,5.80701754385965,4.80701754385965,4.473684210526316,5.473684210526316,3.8070175438596494,4.140350877192983,4.473684210526316,3.8070175438596494,4.140350877192983,3.140350877192983,2.140350877192983,3.4736842105263164,1.807017543859649,5.473684210526316,4.140350877192983,2.8070175438596494,3.4736842105263164,3.4736842105263164,5.473684210526317,4.80701754385965,4.473684210526316,5.473684210526316,3.973684210526316,4.473684210526316,3.973684210526316,2.640350877192983,3.4736842105263164,1.807017543859649,4.807017543859649,3.251461988304094,3.873684210526316,4.473684210526316,5.05701754385965,3.340350877192983
P081,3,2026-03,М,37.0,1,4.0,5.0,5.0,3.6666666666666665,4.666666666666667,4.666666666666667,4.0,2.6666666666666665,4.333333333333333,5.666666666666667,4.666666666666667,4.0,2.6666666666666665,2.6666666666666665,3.0,4.333333333333333,3.6666666666666665,3.6666666666666665,3.3333333333333335,4.333333333333333,5.0,3.6666666666666665,4.666666666666667,4.666666666666667,3.333333333333333,4.333333333333333,5.166666666666667,3.333333333333333,2.6666666666666665,3.0,4.0,3.7777777777777777,3.8666666666666663,3.777777777777778,4.583333333333333,3.9333333333333336
P082,3,2026-03,М,37.0,1,4.000000000000001,4.298245614035088,4.298245614035088,3.631578947368421,3.9649122807017543,4.631578947368421,3.9649122807017543,4.631578947368421,4.298245614035088,4.631578947368421,3.9649122807017543,2.6315789473684212,3.298245614035088,3.9649122807017543,2.298245614035088,4.298245614035088,4.631578947368421,4.298245614035088,3.631578947368421,4.631578947368421,4.298245614035088,3.631578947368421,3.9649122807017543,4.631578947368421,4.298245614035088,4.298245614035088,4.298245614035088,2.9649122807017543,3.9649122807017543,2.298245614035088,4.464912280701755,4.1871345029239775,4.298245614035088,4.409356725146199,4.048245614035088,3.698245614035089
P083,3,2026-03,М,36.0,1,4.0,4.421052631578948,5.087719298245614,4.754385964912281,3.754385964912281,5.421052631578948,3.0877192982456143,2.087719298245614,4.421052631578948,3.4210526315789473,3.4210526315789473,1.7543859649122806,3.754385964912281,2.754385964912281,3.754385964912281,5.754385964912281,5.754385964912281,3.754385964912281,3.4210526315789473,5.421052631578948,4.754385964912281,4.754385964912281,3.754385964912281,5.421052631578948,2.587719298245614,4.421052631578948,3.4210526315789473,2.754385964912281,2.754385964912281,3.754385964912281,5.754385964912281,4.198830409356725,4.821052631578947,3.532163742690059,4.504385964912281,3.021052631578947
P084,3,2026-03,Ж,35.0,1,4.0,4.912280701754386,5.578947368421052,4.245614035087719,4.578947368421052,4.578947368421052,1.9122807017543857,2.9122807017543857,4.245614035087719,4.578947368421052,4.578947368421052,2.9122807017543857,3.245614035087719,2.9122807017543857,2.9122807017543857,4.578947368421052,4.912280701754386,5.245614035087719,2.9122807017543857,4.245614035087719,5.245614035087719,4.245614035087719,4.578947368421052,4.578947368421052,2.4122807017543857,4.245614035087719,4.578947368421052,3.078947368421052,2.9122807017543857,2.9122807017543857,4.745614035087719,4.134502923976608,4.378947368421052,3.134502923976608,4.828947368421052,3.645614035087719
P085,3,2026-03,Ж,34.0,1,4.0,3.245614035087719,4.245614035087719,4.578947368421052,3.9122807017543857,4.578947368421052,3.9122807017543857,4.912280701754386,3.5789473684210527,4.578947368421052,4.578947368421052,3.5789473684210527,4.245614035087719,3.9122807017543857,1.912280701754386,4.578947368421052,4.245614035087719,3.5789473684210527,3.9122807017543857,3.9122807017543857,3.745614035087719,4.578947368421052,3.9122807017543857,4.578947368421052,4.412280701754386,3.5789473684210527,4.578947368421052,3.912280701754386,3.9122807017543857,1.912280701754386,4.412280701754385,3.8011695906432745,4.045614035087719,4.4678362573099415,3.9956140350877183,4.178947368421052
P086,3,2026-03,М,36.0,1,4.0,4.421052631578948,5.421052631578948,4.754385964912281,4.754385964912281,4.087719298245614,2.754385964912281,2.4210526315789473,3.754385964912281,4.087719298245614,3.754385964912281,2.754385964912281,3.4210526315789473,4.087719298245614,3.0877192982456143,5.421052631578948,5.421052631578948,3.754385964912281,3.0877192982456143,4.754385964912281,4.921052631578948,4.754385964912281,4.754385964912281,4.087719298245614,2.587719298245614,3.754385964912281,3.9210526315789473,3.087719298245614,4.087719298245614,3.0877192982456143,5.421052631578948,3.865497076023392,4.487719298245614,3.0877192982456143,4.837719298245615,3.621052631578947
P087,3,2026-03,Ж,37.0,1,4.000000000000001,5.36842105263158,5.701754385964914,5.36842105263158,2.7017543859649127,5.701754385964914,4.035087719298246,3.368421052631579,3.7017543859649127,3.7017543859649127,3.7017543859649127,3.035087719298246,2.7017543859649127,3.7017543859649127,1.3684210526315794,5.701754385964914,4.36842105263158,4.035087719298246,3.035087719298246,4.701754385964913,5.535087719298247,5.36842105263158,2.7017543859649127,5.701754385964914,3.7017543859649127,3.7017543859649127,3.7017543859649127,2.8684210526315796,3.7017543859649127,1.3684210526315794,5.035087719298247,3.9239766081871346,4.36842105263158,4.36842105263158,4.785087719298247,3.3684210526315796
P088,3,2026-03,Ж,36.0,1,3.999999999999999,5.140350877192982,5.473684210526315,4.473684210526316,5.140350877192982,5.140350877192982,4.473684210526316,3.4736842105263155,3.807017543859649,4.807017543859649,5.140350877192982,2.1403508771929824,3.1403508771929824,3.1403508771929824,1.1403508771929822,5.473684210526315,4.807017543859649,2.807017543859649,2.4736842105263155,3.807017543859649,5.307017543859649,4.473684210526316,5.140350877192982,5.140350877192982,3.973684210526316,3.807017543859649,4.973684210526315,2.6403508771929824,3.1403508771929824,1.1403508771929822,5.140350877192982,3.029239766081871,3.873684210526315,4.362573099415204,5.057017543859649,3.673684210526316
P089,3,2026-03,Ж,35.0,1,4.000000000000001,4.350877192982456,4.68421052631579,4.68421052631579,4.350877192982456,4.68421052631579,4.017543859649123,3.0175438596491233,4.017543859649123,4.350877192982456,3.350877192982457,3.350877192982457,3.350877192982457,4.017543859649123,2.68421052631579,4.350877192982456,4.68421052631579,4.350877192982456,3.68421052631579,4.017543859649123,4.517543859649123,4.68421052631579,4.350877192982456,4.68421052631579,3.5175438596491233,4.017543859649123,3.850877192982456,3.350877192982457,4.017543859649123,2.68421052631579,4.517543859649123,4.017543859649123,4.2175438596491235,3.9064327485380126,4.517543859649123,3.68421052631579
P090,3,2026-03,Ж,36.0,1,4.0,4.578947368421052,4.912280701754386,3.9122807017543857,3.5789473684210527,5.912280701754386,4.912280701754386,4.912280701754386,4.578947368421052,3.245614035087719,5.245614035087719,4.245614035087719,3.5789473684210527,3.245614035087719,3.245614035087719,3.9122807017543857,3.9122807017543857,2.9122807017543857,1.912280701754386,3.245614035087719,4.745614035087719,3.9122807017543857,3.5789473684210527,5.912280701754386,4.912280701754386,4.578947368421052,4.245614035087719,3.912280701754386,3.245614035087719,3.245614035087719,3.9122807017543857,2.690058479532164,3.1789473684210523,5.245614035087719,4.245614035087719,3.9122807017543857
P091,3,2026-03,М,36.0,1,3.999999999999999,4.7894736842105265,5.456140350877193,2.789473684210526,2.789473684210526,5.7894736842105265,3.789473684210526,4.7894736842105265,4.12280701754386,4.456140350877193,3.1228070175438596,2.789473684210526,3.456140350877193,4.12280701754386,3.1228070175438596,5.12280701754386,4.12280701754386,4.12280701754386,2.789473684210526,4.456140350877193,5.12280701754386,2.789473684210526,2.789473684210526,5.7894736842105265,4.2894736842105265,4.12280701754386,3.789473684210526,3.1228070175438596,4.12280701754386,3.1228070175438596,4.62280701754386,3.789473684210526,4.12280701754386,4.7894736842105265,3.9561403508771926,3.589473684210526
P092,3,2026-03,М,32.0,1,4.0,5.333333333333333,5.0,5.0,3.6666666666666665,4.666666666666667,2.0,2.3333333333333335,4.666666666666667,4.333333333333333,4.0,2.6666666666666665,3.3333333333333335,2.6666666666666665,4.0,5.0,4.666666666666667,5.0,3.0,4.666666666666667,5.166666666666666,5.0,3.6666666666666665,4.666666666666667,2.166666666666667,4.666666666666667,4.166666666666666,3.0,2.6666666666666665,4.0,4.833333333333334,4.222222222222222,4.466666666666667,3.0,4.75,3.3999999999999995
P093,3,2026-03,Ж,37.0,1,4.0,4.912280701754386,5.245614035087719,4.578947368421052,4.245614035087719,3.9122807017543857,3.245614035087719,4.245614035087719,4.245614035087719,4.245614035087719,4.578947368421052,3.5789473684210527,3.5789473684210527,2.5789473684210527,3.5789473684210527,4.578947368421052,3.5789473684210527,4.245614035087719,3.9122807017543857,2.9122807017543857,5.078947368421053,4.578947368421052,4.245614035087719,3.9122807017543857,3.745614035087719,4.245614035087719,4.412280701754385,3.5789473684210527,2.5789473684210527,3.5789473684210527,4.078947368421052,3.6900584795321634,3.8456140350877193,3.8011695906432745,4.745614035087719,3.7122807017543855
P094,3,2026-03,М,31.0,1,4.000000000000001,4.666666666666667,6.0,5.333333333333333,4.666666666666667,6.0,5.666666666666667,5.666666666666667,4.666666666666667,3.6666666666666665,3.3333333333333335,1.3333333333333333,2.3333333333333335,2.3333333333333335,2.0,5.333333333333333,3.3333333333333335,2.6666666666666665,2.6666666666666665,4.333333333333333,5.333333333333334,5.333333333333333,4.666666666666667,6.0,5.666666666666667,4.666666666666667,3.5,1.8333333333333337,2.3333333333333335,2.0,4.333333333333333,3.222222222222222,3.6666666666666665,5.777777777777779,5.166666666666667,2.6000000000000005
P095,3,2026-03,М,32.0,1,3.999999999999999,4.771929824561403,4.771929824561403,5.771929824561403,3.771929824561403,5.105263157894736,4.771929824561403,4.438596491228069,4.771929824561403,3.771929824561403,3.1052631578947363,1.1052631578947365,2.1052631578947367,3.771929824561403,2.1052631578947367,4.771929824561403,4.438596491228069,4.105263157894736,3.771929824561403,4.771929824561403,4.771929824561403,5.771929824561403,3.771929824561403,5.105263157894736,4.605263157894736,4.771929824561403,3.4385964912280693,1.6052631578947367,3.771929824561403,2.1052631578947367,4.605263157894736,4.216374269005847,4.371929824561403,4.771929824561403,4.771929824561403,2.771929824561403
P096,3,2026-03,Ж,36.0,1,4.0,4.245614035087719,5.578947368421052,2.2456140350877187,2.9122807017543857,4.245614035087719,3.9122807017543857,2.578947368421052,4.245614035087719,4.578947368421052,4.912280701754386,3.9122807017543857,3.5789473684210527,4.245614035087719,2.578947368421052,5.578947368421052,5.578947368421052,3.9122807017543857,2.578947368421052,4.578947368421052,4.912280701754385,2.2456140350877187,2.9122807017543857,4.245614035087719,3.245614035087719,4.245614035087719,4.745614035087719,3.745614035087719,4.245614035087719,2.578947368421052,5.578947368421052,3.6900584795321634,4.4456140350877185,3.5789473684210527,3.7456140350877183,4.245614035087719
P097,3,2026-03,Ж,34.0,1,4.0,5.7894736842105265,6.12280701754386,5.12280701754386,5.7894736842105265,5.12280701754386,5.12280701754386,3.789473684210526,4.7894736842105265,4.456140350877193,4.7894736842105265,2.1228070175438596,1.7894736842105263,3.1228070175438596,2.456140350877193,4.7894736842105265,3.1228070175438596,2.456140350877193,1.7894736842105263,3.456140350877193,5.9561403508771935,5.12280701754386,5.7894736842105265,5.12280701754386,4.456140350877193,4.7894736842105265,4.62280701754386,1.956140350877193,3.1228070175438596,2.456140350877193,3.956140350877193,2.567251461988304,3.1228070175438596,4.678362573099415,5.7061403508771935,3.2561403508771933
P098,3,2026-03,Ж,36.0,1,3.999999999999999,3.631578947368421,4.63157894736842,3.964912280701754,4.298245614035087,4.63157894736842,5.298245614035087,3.964912280701754,3.964912280701754,4.964912280701754,5.298245614035087,3.631578947368421,3.2982456140350873,3.631578947368421,1.298245614035087,4.298245614035087,4.63157894736842,4.298245614035087,3.631578947368421,2.631578947368421,4.13157894736842,3.964912280701754,4.298245614035087,4.63157894736842,4.63157894736842,3.964912280701754,5.131578947368421,3.4649122807017543,3.631578947368421,1.298245614035087,4.464912280701753,3.52046783625731,3.898245614035088,4.63157894736842,4.13157894736842,4.1649122807017545
P099,3,2026-03,М,30.0,1,3.999999999999999,4.7894736842105265,5.456140350877193,4.12280701754386,4.12280701754386,5.456140350877193,4.12280701754386,4.7894736842105265,4.456140350877193,5.456140350877193,4.456140350877193,2.122807017543859,2.789473684210526,4.456140350877193,2.4561403508771926,4.7894736842105265,4.7894736842105265,2.4561403508771926,2.789473684210526,2.122807017543859,5.12280701754386,4.12280701754386,4.12280701754386,5.456140350877193,4.4561403508771935,4.456140350877193,4.956140350877193,2.4561403508771926,4.456140350877193,2.4561403508771926,4.7894736842105265,2.456140350877193,3.389473684210526,4.7894736842105265,4.62280701754386,3.856140350877193
P100,3,2026-03,М,33.0,1,4.000000000000001,4.0,4.333333333333333,3.3333333333333335,3.3333333333333335,4.0,4.0,3.3333333333333335,5.0,4.666666666666667,3.6666666666666665,3.6666666666666665,3.3333333333333335,4.666666666666667,3.6666666666666665,4.666666666666667,5.0,4.666666666666667,3.6666666666666665,3.0,4.166666666666666,3.3333333333333335,3.3333333333333335,4.0,3.666666666666667,5.0,4.166666666666667,3.5,4.666666666666667,3.6666666666666665,4.833333333333334,3.777777777777778,4.200000000000001,3.777777777777778,3.75,4.0
P101,3,2026-03,,,0,,,,,,,,,,,,,,,,,,,,,,,,,,,,,,,,,,,,
P102,3,2026-03,М,36.0,1,4.0,4.140350877192983,5.473684210526316,2.473684210526316,5.473684210526316,4.80701754385965,1.8070175438596492,2.1403508771929824,4.473684210526316,5.140350877192983,4.80701754385965,3.4736842105263164,3.8070175438596494,3.4736842105263164,2.473684210526316,4.140350877192983,5.140350877192983,3.4736842105263164,3.8070175438596494,5.473684210526316,4.807017543859649,2.473684210526316,5.473684210526316,4.80701754385965,1.973684210526316,4.473684210526316,4.973684210526317,3.640350877192983,3.4736842105263164,2.473684210526316,4.640350877192983,4.251461988304094,4.4070175438596495,2.91812865497076,4.390350877192982,4.140350877192984
P103,3,2026-03,Ж,36.0,1,4.0,5.771929824561403,5.771929824561403,4.438596491228069,5.105263157894736,3.771929824561403,3.771929824561403,4.438596491228069,2.1052631578947367,3.1052631578947363,3.771929824561403,1.7719298245614032,1.1052631578947365,3.4385964912280698,2.771929824561403,5.771929824561403,5.771929824561403,3.1052631578947363,5.105263157894736,5.105263157894736,5.771929824561403,4.438596491228069,5.105263157894736,3.771929824561403,4.105263157894736,2.1052631578947367,3.4385964912280693,1.4385964912280698,3.4385964912280698,2.771929824561403,5.771929824561403,4.438596491228069,4.971929824561403,3.994152046783625,5.271929824561403,2.63859649122807
P104,3,2026-03,Ж,28.0,1,3.999999999999999,5.561403508771929,4.561403508771929,4.894736842105263,4.561403508771929,4.228070175438596,5.228070175438596,4.894736842105263,4.228070175438596,5.561403508771929,3.228070175438596,1.8947368421052628,2.5614035087719293,5.228070175438596,1.5614035087719296,3.228070175438596,3.8947368421052624,3.228070175438596,4.894736842105263,2.5614035087719293,5.061403508771929,4.894736842105263,4.561403508771929,4.228070175438596,5.06140350877193,4.228070175438596,4.394736842105262,2.228070175438596,5.228070175438596,1.5614035087719296,3.561403508771929,3.56140350877193,3.5614035087719293,4.783625730994152,4.894736842105262,3.694736842105262
P105,3,2026-03,Ж,35.0,1,4.0,5.473684210526316,5.473684210526316,4.80701754385965,2.8070175438596494,5.140350877192983,4.473684210526316,4.473684210526316,4.473684210526316,4.140350877192983,3.4736842105263164,3.140350877192983,2.1403508771929824,3.8070175438596494,2.473684210526316,5.140350877192983,5.140350877192983,3.4736842105263164,2.8070175438596494,3.140350877192983,5.473684210526316,4.80701754385965,2.8070175438596494,5.140350877192983,4.473684210526316,4.473684210526316,3.80701754385965,2.640350877192983,3.8070175438596494,2.473684210526316,5.140350877192983,3.140350877192983,3.9403508771929823,4.695906432748537,4.640350877192983,3.340350877192983
P106,3,2026-03,Ж,33.0,1,4.000000000000001,3.543859649122807,4.543859649122807,4.2105263157894735,5.543859649122807,4.87719298245614,4.87719298245614,2.8771929824561404,4.87719298245614,4.87719298245614,4.87719298245614,3.543859649122807,2.8771929824561404,3.210526315789474,1.2105263157894737,4.87719298245614,4.543859649122807,3.543859649122807,3.877192982456141,3.210526315789474,4.043859649122807,4.2105263157894735,5.543859649122807,4.87719298245614,3.877192982456141,4.87719298245614,4.87719298245614,3.2105263157894735,3.210526315789474,1.2105263157894737,4.710526315789474,3.543859649122807,4.010526315789474,4.2105263157894735,4.460526315789474,3.877192982456141
P107,3,2026-03,Ж,33.0,1,4.0,4.526315789473684,5.526315789473684,3.5263157894736836,4.526315789473684,4.859649122807017,3.5263157894736836,3.1929824561403506,5.19298245614035,4.19298245614035,5.19298245614035,2.1929824561403506,4.526315789473684,3.1929824561403506,3.1929824561403506,5.526315789473684,5.526315789473684,3.5263157894736836,0.8596491228070171,3.1929824561403506,5.026315789473684,3.5263157894736836,4.526315789473684,4.859649122807017,3.359649122807017,5.19298245614035,4.69298245614035,3.359649122807017,3.1929824561403506,3.1929824561403506,5.526315789473684,2.5263157894736836,3.726315789473684,3.859649122807017,4.526315789473684,3.859649122807017
P108,3,2026-03,Ж,36.0,1,4.000000000000001,4.035087719298246,5.368421052631579,4.035087719298246,4.701754385964912,5.368421052631579,5.035087719298246,5.035087719298246,5.368421052631579,4.035087719298246,3.701754385964912,1.701754385964912,2.3684210526315788,3.3684210526315788,1.701754385964912,4.035087719298246,5.035087719298246,4.701754385964912,3.701754385964912,2.701754385964912,4.701754385964913,4.035087719298246,4.701754385964912,5.368421052631579,5.035087719298246,5.368421052631579,3.868421052631579,2.0350877192982453,3.3684210526315788,1.701754385964912,4.535087719298246,3.701754385964912,4.035087719298246,5.146198830409357,4.535087719298246,3.0350877192982457
P109,3,2026-03,Ж,31.0,1,3.999999999999999,4.561403508771929,5.228070175438596,4.561403508771929,4.561403508771929,5.894736842105263,4.228070175438596,4.228070175438596,4.228070175438596,4.228070175438596,2.8947368421052624,2.56140350877193,3.228070175438596,2.56140350877193,2.56140350877193,4.894736842105263,4.894736842105263,4.228070175438596,2.56140350877193,3.8947368421052624,4.894736842105262,4.561403508771929,4.561403508771929,5.894736842105263,4.228070175438596,4.228070175438596,3.561403508771929,2.894736842105263,2.56140350877193,2.56140350877193,4.894736842105263,3.5614035087719293,4.094736842105263,4.783625730994152,4.728070175438595,3.0947368421052626
P110,3,2026-03,Ж,36.0,1,3.999999999999999,4.105263157894737,5.105263157894737,5.438596491228071,5.105263157894737,5.105263157894737,4.43859649122807,3.771929824561404,3.771929824561404,3.771929824561404,3.43859649122807,3.1052631578947367,1.7719298245614037,3.1052631578947367,2.1052631578947367,4.771929824561403,4.105263157894737,3.43859649122807,4.771929824561403,4.771929824561403,4.605263157894737,5.438596491228071,5.105263157894737,5.105263157894737,4.105263157894737,3.771929824561404,3.605263157894737,2.43859649122807,3.1052631578947367,2.1052631578947367,4.43859649122807,4.327485380116959,4.371929824561404,4.43859649122807,4.93859649122807,3.0385964912280703
P111,3,2026-03,Ж,35.0,1,4.0,4.157894736842105,5.157894736842105,4.824561403508772,4.824561403508772,5.157894736842105,4.824561403508772,4.824561403508772,3.824561403508772,4.157894736842105,4.157894736842105,3.491228070175439,2.8245614035087723,2.8245614035087723,2.8245614035087723,3.824561403508772,4.491228070175439,3.1578947368421058,3.824561403508772,2.8245614035087723,4.657894736842105,4.824561403508772,4.824561403508772,5.157894736842105,4.824561403508772,3.824561403508772,4.157894736842105,3.1578947368421053,2.8245614035087723,2.8245614035087723,4.157894736842106,3.269005847953217,3.624561403508773,4.935672514619883,4.741228070175438,3.4912280701754383
P112,3,2026-03,Ж,36.0,1,4.000000000000001,3.789473684210526,4.7894736842105265,4.7894736842105265,4.7894736842105265,5.12280701754386,4.7894736842105265,3.789473684210526,5.12280701754386,4.7894736842105265,4.12280701754386,2.789473684210526,3.456140350877193,3.456140350877193,1.789473684210526,4.456140350877193,4.7894736842105265,3.1228070175438596,2.122807017543859,4.12280701754386,4.2894736842105265,4.7894736842105265,4.7894736842105265,5.12280701754386,4.2894736842105265,5.12280701754386,4.4561403508771935,3.1228070175438596,3.456140350877193,1.789473684210526,4.62280701754386,3.1228070175438596,3.72280701754386,4.567251461988303,4.5394736842105265,3.72280701754386
P113,3,2026-03,Ж,31.0,1,4.0,5.0,6.0,5.333333333333333,5.0,5.0,4.666666666666667,4.333333333333333,4.0,5.0,5.0,2.3333333333333335,1.3333333333333333,2.0,1.0,5.666666666666667,5.0,1.6666666666666667,4.333333333333333,3.3333333333333335,5.5,5.333333333333333,5.0,5.0,4.5,4.0,5.0,1.8333333333333337,2.0,1.0,5.333333333333334,3.111111111111111,4.0,4.666666666666667,5.333333333333333,3.1333333333333337
P114,3,2026-03,Ж,30.0,1,4.000000000000001,4.017543859649123,5.017543859649123,3.0175438596491233,5.017543859649123,5.017543859649123,5.017543859649123,4.017543859649123,3.350877192982457,4.350877192982456,3.350877192982457,3.68421052631579,4.350877192982456,4.017543859649123,2.350877192982456,4.68421052631579,4.017543859649123,3.68421052631579,2.350877192982456,4.68421052631579,4.517543859649123,3.0175438596491233,5.017543859649123,5.017543859649123,4.517543859649123,3.350877192982457,3.850877192982456,4.017543859649123,4.017543859649123,2.350877192982456,4.350877192982457,3.5730994152046787,3.8842105263157896,4.68421052631579,4.267543859649123,3.950877192982456
P115,3,2026-03,Ж,,1,4.0,4.140350877192982,5.140350877192982,4.807017543859649,4.807017543859649,5.473684210526315,3.807017543859649,2.1403508771929824,4.807017543859649,2.807017543859649,3.1403508771929824,2.807017543859649,4.473684210526316,1.807017543859649,2.807017543859649,4.807017543859649,4.807017543859649,3.807017543859649,4.140350877192982,5.473684210526315,4.640350877192982,4.807017543859649,4.807017543859649,5.473684210526315,2.973684210526316,4.807017543859649,2.973684210526316,3.6403508771929824,1.807017543859649,2.807017543859649,4.807017543859649,4.473684210526315,4.60701754385965,3.807017543859649,4.723684210526315,3.007017543859649
P116,3,2026-03,М,35.0,1,4.0,4.666666666666667,5.0,5.0,4.666666666666667,5.666666666666667,4.666666666666667,3.6666666666666665,5.666666666666667,5.666666666666667,2.3333333333333335,1.3333333333333337,5.0,3.0,1.666666666666667,5.333333333333333,4.333333333333333,3.3333333333333335,1.666666666666667,3.3333333333333335,4.833333333333334,5.0,4.666666666666667,5.666666666666667,4.166666666666667,5.666666666666667,4.0,3.166666666666667,3.0,1.666666666666667,4.833333333333333,2.777777777777778,3.6,4.666666666666667,4.833333333333334,3.4666666666666672
P117,3,2026-03,Ж,30.0,1,4.0,4.385964912280702,4.719298245614035,4.052631578947369,3.719298245614035,5.052631578947369,4.052631578947369,4.719298245614035,4.719298245614035,4.052631578947369,4.385964912280702,3.719298245614035,3.385964912280702,3.385964912280702,2.7192982456140355,4.385964912280702,4.385964912280702,3.385964912280702,2.7192982456140355,4.052631578947369,4.552631578947368,4.052631578947369,3.719298245614035,5.052631578947369,4.385964912280702,4.719298245614035,4.219298245614036,3.552631578947369,3.385964912280702,2.7192982456140355,4.385964912280702,3.385964912280702,3.785964912280702,4.608187134502924,4.219298245614035,3.785964912280703
P118,3,2026-03,Ж,35.0,1,3.9999999999999987,4.438596491228069,4.771929824561403,3.771929824561403,3.1052631578947363,4.771929824561403,3.1052631578947363,1.7719298245614032,4.438596491228069,5.105263157894736,5.105263157894736,3.4385964912280698,4.105263157894736,3.771929824561403,3.771929824561403,4.771929824561403,5.105263157894736,3.771929824561403,2.771929824561403,4.105263157894736,4.605263157894736,3.771929824561403,3.1052631578947363,4.771929824561403,2.4385964912280698,4.438596491228069,5.105263157894736,3.7719298245614032,3.771929824561403,3.771929824561403,4.93859649122807,3.5497076023391805,4.105263157894736,3.216374269005847,4.021929824561402,4.3052631578947365
P119,3,2026-03,М,33.0,1,4.000000000000001,4.2631578947368425,5.5964912280701755,3.596491228070176,4.2631578947368425,5.929824561403509,5.5964912280701755,5.929824561403509,3.596491228070176,3.596491228070176,3.929824561403509,1.263157894736842,2.263157894736842,3.929824561403509,1.9298245614035088,5.5964912280701755,5.929824561403509,2.5964912280701755,4.5964912280701755,1.5964912280701753,4.9298245614035086,3.596491228070176,4.2631578947368425,5.929824561403509,5.7631578947368425,3.596491228070176,3.7631578947368425,1.763157894736842,3.929824561403509,1.9298245614035088,5.7631578947368425,2.929824561403509,4.063157894736841,5.818713450292399,4.4298245614035086,2.996491228070176
P120,3,2026-03,Ж,28.0,1,3.999999999999999,4.105263157894736,4.438596491228069,4.771929824561403,5.105263157894736,4.105263157894736,3.4385964912280698,3.4385964912280698,3.771929824561403,3.1052631578947363,2.771929824561403,3.4385964912280698,4.105263157894736,3.4385964912280698,3.771929824561403,4.105263157894736,5.105263157894736,4.771929824561403,3.4385964912280698,4.771929824561403,4.271929824561402,4.771929824561403,5.105263157894736,4.105263157894736,3.4385964912280698,3.771929824561403,2.9385964912280693,3.7719298245614032,3.4385964912280698,3.771929824561403,4.605263157894736,4.327485380116959,4.43859649122807,3.660818713450292,4.605263157894736,3.371929824561403
P121,3,2026-03,,,0,,,,,,,,,,,,,,,,,,,,,,,,,,,,,,,,,,,,
P122,3,2026-03,,,0,,,,,,,,,,,,,,,,,,,,,,,,,,,,,,,,,,,,
P123,3,2026-03,Ж,36.0,1,3.999999999999999,4.912280701754386,5.578947368421052,3.9122807017543857,4.245614035087719,4.578947368421052,4.245614035087719,3.5789473684210527,5.245614035087719,3.9122807017543857,3.5789473684210527,3.245614035087719,3.5789473684210527,3.5789473684210527,2.2456140350877187,5.245614035087719,4.578947368421052,3.9122807017543857,2.9122807017543857,2.9122807017543857,5.245614035087719,3.9122807017543857,4.245614035087719,4.578947368421052,3.912280701754386,5.245614035087719,3.745614035087719,3.412280701754386,3.5789473684210527,2.2456140350877187,4.912280701754385,3.245614035087719,3.9122807017543857,4.134502923976608,4.662280701754385,3.5789473684210527
