performance_id,participant_id,cohort,case,duel,role_slot,player,attempt,prompted_strategy,turns,n_principles_used,used_authority,turns_with_authority,markers_authority,used_commitment,turns_with_commitment,markers_commitment,used_liking,turns_with_liking,markers_liking,used_reciprocity,turns_with_reciprocity,markers_reciprocity,used_scarcity,turns_with_scarcity,markers_scarcity,used_social_proof,turns_with_social_proof,markers_social_proof,used_unity,turns_with_unity,markers_unity
S001,P060,3,B,D072,slot_2,2,1,authority,9,4,1,2,3,1,3,5,0,0,0,1,1,2,0,0,0,1,1,1,0,0,0
S002,P060,3,B,D085,slot_1,1,2,commitment,8,5,1,3,3,1,1,2,1,2,2,0,0,0,1,2,3,1,2,2,0,0,0
S003,P061,3,B,D081,slot_2,2,1,authority,5,4,1,1,1,0,0,0,1,1,1,1,1,1,0,0,0,1,1,4,0,0,0
S004,P061,3,B,D086,slot_1,1,2,commitment,6,4,1,2,2,0,0,0,1,1,2,1,2,4,0,0,0,1,2,3,0,0,0
S005,P062,3,B,D060,slot_1,2,1,commitment,3,3,1,2,3,1,1,2,0,0,0,0,0,0,0,0,0,1,2,2,0,0,0
S006,P062,3,B,D087,slot_2,1,2,authority,3,2,1,1,1,0,0,0,1,2,4,0,0,0,0,0,0,0,0,0,0,0,0
S007,P063,3,B,D059,slot_1,1,1,commitment,4,2,0,0,0,1,3,6,0,0,0,0,0,0,0,0,0,1,3,4,0,0,0
S008,P063,3,B,D089,slot_2,2,2,authority,3,3,1,1,3,1,1,2,1,1,2,0,0,0,0,0,0,0,0,0,0,0,0
S009,P064,3,B,D083,slot_1,2,1,commitment,4,2,0,0,0,1,2,6,0,0,0,0,0,0,1,1,3,0,0,0,0,0,0
S010,P064,3,B,D088,slot_2,1,2,authority,4,3,1,3,6,1,1,1,0,0,0,1,1,1,0,0,0,0,0,0,0,0,0
S011,P065,3,B,D070,slot_1,1,1,commitment,6,3,1,1,2,1,3,8,1,1,1,0,0,0,0,0,0,0,0,0,0,0,0
S012,P065,3,B,D099,slot_2,2,2,authority,4,3,1,2,3,0,0,0,1,1,1,1,2,3,0,0,0,0,0,0,0,0,0
S013,P066,3,B,D077,slot_3,2,1,social_proof,6,2,0,0,0,1,1,1,0,0,0,0,0,0,0,0,0,1,2,2,0,0,0
S014,P066,3,B,D089,slot_1,1,2,commitment,4,2,1,3,4,0,0,0,1,2,3,0,0,0,0,0,0,0,0,0,0,0,0
S015,P067,3,B,D122,slot_3,2,1,social_proof,6,2,1,2,2,1,1,1,0,0,0,0,0,0,0,0,0,0,0,0,0,0,0
S016,P067,3,B,D090,slot_1,1,2,commitment,6,4,1,1,2,1,3,7,0,0,0,1,1,2,0,0,0,1,2,2,0,0,0
S017,P068,3,B,D081,slot_1,1,1,commitment,5,2,0,0,0,1,1,2,0,0,0,1,1,3,0,0,0,0,0,0,0,0,0
S018,P068,3,B,D118,slot_2,2,2,authority,7,3,1,1,1,1,1,3,0,0,0,1,2,2,0,0,0,0,0,0,0,0,0
S019,P069,3,B,D092,slot_1,1,1,commitment,4,3,1,2,4,1,1,1,1,1,2,0,0,0,0,0,0,0,0,0,0,0,0
S020,P069,3,B,D096,slot_3,2,2,social_proof,5,2,1,1,3,0,0,0,1,1,1,0,0,0,0,0,0,0,0,0,0,0,0
S021,P070,3,B,D120,slot_3,2,1,social_proof,4,5,1,2,2,1,2,6,1,1,2,0,0,0,0,0,0,1,1,1,1,1,1
S022,P070,3,B,D091,slot_2,1,2,authority,7,3,1,2,2,0,0,0,1,1,1,0,0,0,1,1,1,0,0,0,0,0,0
S023,P071,3,B,D103,slot_1,1,1,commitment,3,3,1,1,2,1,2,8,0,0,0,1,1,1,0,0,0,0,0,0,0,0,0
S024,P071,3,B,D088,slot_3,2,2,social_proof,5,6,1,2,4,1,1,2,1,1,5,0,0,0,1,1,1,1,1,4,1,1,1
S025,P072,3,B,D114,slot_1,1,1,commitment,6,4,1,2,3,1,2,6,1,1,3,0,0,0,0,0,0,0,0,0,1,1,4
S026,P072,3,B,D109,slot_3,2,2,social_proof,5,4,0,0,0,1,1,1,1,1,1,0,0,0,0,0,0,1,1,1,1,2,4
S027,P073,3,B,D078,slot_1,2,1,commitment,6,2,0,0,0,1,2,4,0,0,0,0,0,0,0,0,0,1,1,1,0,0,0
S028,P073,3,B,D093,slot_2,1,2,authority,8,5,1,4,5,1,4,4,1,1,1,1,1,1,0,0,0,1,2,6,0,0,0
S029,P074,3,B,D061,slot_1,2,1,commitment,4,4,1,3,4,0,0,0,1,1,1,0,0,0,0,0,0,1,1,1,1,1,2
S030,P074,3,B,D094,slot_3,1,2,social_proof,6,1,1,2,2,0,0,0,0,0,0,0,0,0,0,0,0,0,0,0,0,0,0
S031,P075,3,B,D114,slot_3,2,1,social_proof,5,3,0,0,0,1,1,1,1,1,2,0,0,0,1,1,1,0,0,0,0,0,0
S032,P075,3,B,D095,slot_1,1,2,commitment,4,3,1,2,2,1,3,4,0,0,0,0,0,0,0,0,0,1,1,3,0,0,0
S033,P076,3,B,D076,slot_3,2,1,social_proof,5,3,1,1,2,1,1,1,0,0,0,0,0,0,1,1,1,0,0,0,0,0,0
S034,P076,3,B,D096,slot_2,1,2,authority,5,2,1,2,3,0,0,0,0,0,0,1,1,1,0,0,0,0,0,0,0,0,0
S035,P077,3,B,D120,slot_1,1,1,commitment,4,1,0,0,0,1,1,3,0,0,0,0,0,0,0,0,0,0,0,0,0,0,0
S036,P077,3,B,D110,slot_2,2,2,authority,5,4,1,1,1,0,0,0,1,1,3,0,0,0,1,1,1,1,1,1,0,0,0
S037,P078,3,B,D103,slot_3,2,1,social_proof,2,2,0,0,0,1,1,2,0,0,0,1,1,2,0,0,0,0,0,0,0,0,0
S038,P078,3,B,D097,slot_1,1,2,commitment,5,4,1,3,4,0,0,0,1,3,8,1,1,2,0,0,0,1,2,3,0,0,0
S039,P079,3,B,D121,slot_2,1,1,authority,7,3,1,4,7,1,1,2,0,0,0,1,1,1,0,0,0,0,0,0,0,0,0
S040,P079,3,B,D095,slot_3,2,2,social_proof,4,3,0,0,0,0,0,0,1,1,1,0,0,0,1,1,2,1,1,1,0,0,0
S041,P080,3,B,D122,slot_1,1,1,commitment,7,5,1,1,2,1,3,6,1,1,1,1,1,1,0,0,0,1,2,2,0,0,0
S042,P080,3,B,D107,slot_3,2,2,social_proof,10,4,1,1,1,1,1,1,0,0,0,0,0,0,1,1,3,1,1,2,0,0,0
S043,P081,3,B,D068,slot_2,2,1,authority,5,3,1,2,2,1,3,4,1,1,1,0,0,0,0,0,0,0,0,0,0,0,0
S044,P081,3,B,D098,slot_1,1,2,commitment,4,3,1,1,1,1,4,4,1,1,1,0,0,0,0,0,0,0,0,0,0,0,0
S045,P082,3,B,D073,slot_2,2,1,authority,7,3,1,3,7,0,0,0,0,0,0,1,1,2,0,0,0,1,1,1,0,0,0
S046,P082,3,B,D099,slot_1,1,2,commitment,4,4,1,2,4,1,2,6,1,1,2,1,1,3,0,0,0,0,0,0,0,0,0
S047,P083,3,B,D060,slot_3,1,1,social_proof,2,1,0,0,0,1,2,5,0,0,0,0,0,0,0,0,0,0,0,0,0,0,0
S048,P083,3,B,D113,slot_2,2,2,authority,12,4,1,2,3,1,3,5,0,0,0,1,1,2,0,0,0,1,1,2,0,0,0
S049,P084,3,B,D069,slot_2,2,1,authority,4,2,1,2,5,0,0,0,0,0,0,1,1,3,0,0,0,0,0,0,0,0,0
S050,P084,3,B,D100,slot_1,1,2,commitment,5,5,1,2,3,1,2,2,1,1,5,1,1,3,1,1,4,0,0,0,0,0,0
S051,P085,3,B,D061,slot_2,1,1,authority,3,3,1,1,2,0,0,0,1,1,1,0,0,0,0,0,0,1,2,2,0,0,0
S052,P085,3,B,D106,slot_1,2,2,commitment,7,2,0,0,0,1,4,6,0,0,0,1,1,1,0,0,0,0,0,0,0,0,0
S053,P086,3,B,D062,slot_2,1,1,authority,3,5,1,1,1,1,1,1,1,1,2,0,0,0,0,0,0,1,1,2,1,1,1
S054,P086,3,B,D119,slot_3,2,2,social_proof,8,6,1,1,1,1,2,2,1,2,6,0,0,0,1,1,1,1,1,1,1,2,4
S055,P087,3,B,D063,slot_2,1,1,authority,6,4,1,2,2,1,2,3,0,0,0,1,1,1,0,0,0,1,1,2,0,0,0
S056,P087,3,B,D094,slot_1,2,2,commitment,5,4,1,1,1,1,2,4,0,0,0,0,0,0,1,1,1,1,1,1,0,0,0
S057,P088,3,B,D064,slot_1,1,1,commitment,2,5,1,1,1,0,0,0,1,1,3,0,0,0,1,2,6,1,1,1,1,1,1
S058,P088,3,B,D087,slot_3,2,2,social_proof,3,1,0,0,0,1,1,3,0,0,0,0,0,0,0,0,0,0,0,0,0,0,0
S059,P089,3,B,D080,slot_3,2,1,social_proof,8,3,1,1,1,1,1,1,1,1,1,0,0,0,0,0,0,0,0,0,0,0,0
S060,P089,3,B,D101,slot_1,1,2,commitment,5,3,1,2,3,1,2,3,0,0,0,1,2,3,0,0,0,0,0,0,0,0,0
S061,P090,3,B,D092,slot_3,2,1,social_proof,4,2,1,2,3,0,0,0,0,0,0,0,0,0,1,2,4,0,0,0,0,0,0
S062,P090,3,B,D102,slot_1,1,2,commitment,8,4,1,2,2,1,2,3,0,0,0,1,3,5,1,1,1,0,0,0,0,0,0
S063,P091,3,B,D074,slot_2,2,1,authority,5,5,1,2,5,0,0,0,1,2,6,1,1,1,0,0,0,1,1,1,1,3,6
S064,P091,3,B,D104,slot_1,1,2,commitment,5,3,0,0,0,1,3,5,0,0,0,0,0,0,1,1,2,1,1,1,0,0,0
S065,P092,3,B,D065,slot_1,1,1,commitment,6,1,0,0,0,0,0,0,0,0,0,0,0,0,0,0,0,1,1,1,0,0,0
S066,P092,3,B,D090,slot_3,2,2,social_proof,6,4,1,1,1,1,1,4,0,0,0,0,0,0,1,1,1,1,1,2,0,0,0
S067,P093,3,B,D066,slot_2,1,1,authority,3,2,1,1,1,1,1,1,0,0,0,0,0,0,0,0,0,0,0,0,0,0,0
S068,P093,3,B,D117,slot_1,2,2,commitment,4,1,0,0,0,1,1,2,0,0,0,0,0,0,0,0,0,0,0,0,0,0,0
S069,P094,3,B,D067,slot_3,1,1,social_proof,4,2,1,2,2,1,1,2,0,0,0,0,0,0,0,0,0,0,0,0,0,0,0
S070,P094,3,B,D093,slot_3,2,2,social_proof,8,4,0,0,0,1,2,3,1,1,1,0,0,0,0,0,0,1,3,3,1,1,1
S071,P095,3,B,D062,slot_1,2,1,commitment,3,2,1,1,1,0,0,0,0,0,0,0,0,0,0,0,0,1,1,2,0,0,0
S072,P095,3,B,D105,slot_2,1,2,authority,5,4,1,2,4,1,1,1,1,1,2,0,0,0,0,0,0,1,1,1,0,0,0
S073,P096,3,B,D063,slot_1,2,1,commitment,5,2,1,1,1,1,3,4,0,0,0,0,0,0,0,0,0,0,0,0,0,0,0
S074,P096,3,B,D106,slot_3,1,2,social_proof,6,2,0,0,0,1,2,2,1,2,3,0,0,0,0,0,0,0,0,0,0,0,0
S075,P097,3,B,D065,slot_2,2,1,authority,6,1,1,2,4,0,0,0,0,0,0,0,0,0,0,0,0,0,0,0,0,0,0
S076,P097,3,B,D107,slot_1,1,2,commitment,10,2,1,3,3,1,3,8,0,0,0,0,0,0,0,0,0,0,0,0,0,0,0
S077,P098,3,B,D068,slot_1,1,1,commitment,5,3,0,0,0,1,2,3,1,1,1,1,3,7,0,0,0,0,0,0,0,0,0
S078,P098,3,B,D104,slot_3,2,2,social_proof,5,2,0,0,0,1,2,3,0,0,0,0,0,0,1,2,4,0,0,0,0,0,0
S079,P099,3,B,D066,slot_1,2,1,commitment,4,3,1,1,1,0,0,0,1,2,7,0,0,0,0,0,0,1,1,4,0,0,0
S080,P099,3,B,D108,slot_2,1,2,authority,5,0,0,0,0,0,0,0,0,0,0,0,0,0,0,0,0,0,0,0,0,0,0
S081,P100,3,B,D121,slot_1,2,1,commitment,6,5,1,2,2,1,3,3,1,1,1,0,0,0,0,0,0,1,1,2,1,1,1
S082,P100,3,B,D109,slot_2,1,2,authority,6,4,1,1,1,1,1,3,1,1,1,1,1,1,0,0,0,0,0,0,0,0,0
S083,P101,3,B,D084,slot_2,2,1,authority,7,1,1,3,7,0,0,0,0,0,0,0,0,0,0,0,0,0,0,0,0,0,0
S084,P101,3,B,D110,slot_1,1,2,commitment,6,4,1,2,3,1,1,2,1,3,4,0,0,0,0,0,0,1,1,1,0,0,0
S085,P102,3,B,D069,slot_1,1,1,commitment,5,4,1,1,2,1,1,2,1,1,2,1,1,1,0,0,0,0,0,0,0,0,0
S086,P102,3,B,D116,slot_3,2,2,social_proof,6,3,0,0,0,1,1,3,1,1,1,0,0,0,0,0,0,1,2,3,0,0,0
S087,P103,3,B,D070,slot_2,2,1,authority,5,2,1,3,3,0,0,0,0,0,0,1,1,2,0,0,0,0,0,0,0,0,0
S088,P103,3,B,D111,slot_3,1,2,social_proof,4,3,1,2,4,0,0,0,1,1,4,0,0,0,0,0,0,0,0,0,1,2,2
S089,P104,3,B,D067,slot_3,2,1,social_proof,5,3,0,0,0,1,2,4,0,0,0,0,0,0,1,1,2,1,1,1,0,0,0
S090,P104,3,B,D112,slot_1,1,2,commitment,5,4,1,1,2,1,2,2,1,2,3,1,1,2,0,0,0,0,0,0,0,0,0
S091,P105,3,B,D064,slot_2,2,1,authority,1,1,0,0,0,0,0,0,0,0,0,0,0,0,0,0,0,1,1,1,0,0,0
S092,P105,3,B,D113,slot_1,1,2,commitment,12,4,1,1,2,0,0,0,1,1,1,0,0,0,0,0,0,1,2,4,1,1,1
S093,P106,3,B,D071,slot_1,1,1,commitment,10,5,1,2,5,1,3,8,1,2,2,0,0,0,1,1,1,1,1,1,0,0,0
S094,P106,3,B,D105,slot_3,2,2,social_proof,5,5,1,3,5,1,1,2,1,2,3,0,0,0,1,2,5,1,1,3,0,0,0
S095,P107,3,B,D059,slot_3,2,1,social_proof,4,5,1,2,2,1,1,2,1,1,1,0,0,0,1,2,4,1,1,1,0,0,0
S096,P107,3,B,D115,slot_1,1,2,commitment,11,5,1,2,2,1,1,1,1,6,14,1,3,4,0,0,0,1,2,2,0,0,0
S097,P108,3,B,D072,slot_1,1,1,commitment,10,4,1,4,5,1,2,2,1,2,3,0,0,0,1,1,2,0,0,0,0,0,0
S098,P108,3,B,D101,slot_2,2,2,authority,6,5,1,2,2,0,0,0,1,1,4,1,1,2,0,0,0,1,1,1,1,1,1
S099,P109,3,B,D073,slot_1,1,1,commitment,6,6,1,3,3,1,5,8,1,1,3,1,2,5,1,1,2,1,1,1,0,0,0
S100,P109,3,B,D111,slot_2,2,2,authority,4,6,1,1,2,1,2,3,1,2,3,0,0,0,1,2,3,1,1,1,1,1,1
S101,P110,3,B,D074,slot_1,1,1,commitment,5,3,0,0,0,0,0,0,0,0,0,1,1,2,1,1,1,1,2,3,0,0,0
S102,P110,3,B,D098,slot_2,2,2,authority,5,3,1,2,3,0,0,0,0,0,0,1,1,2,0,0,0,1,1,1,0,0,0
S103,P111,3,B,D075,slot_1,1,1,commitment,6,1,0,0,0,0,0,0,1,1,1,0,0,0,0,0,0,0,0,0,0,0,0
S104,P111,3,B,D100,slot_2,2,2,authority,4,3,1,1,1,1,1,1,0,0,0,0,0,0,0,0,0,1,1,2,0,0,0
S105,P112,3,B,D076,slot_1,1,1,commitment,5,3,1,3,4,1,2,4,0,0,0,1,1,2,0,0,0,0,0,0,0,0,0
S106,P112,3,B,D102,slot_2,2,2,authority,7,1,1,2,2,0,0,0,0,0,0,0,0,0,0,0,0,0,0,0,0,0,0
S107,P113,3,B,D077,slot_1,1,1,commitment,7,1,0,0,0,0,0,0,0,0,0,0,0,0,0,0,0,1,2,2,0,0,0
S108,P113,3,B,D115,slot_2,2,2,authority,11,5,1,1,1,1,2,2,1,2,2,1,4,7,1,1,1,0,0,0,0,0,0
S109,P114,3,B,D078,slot_3,1,1,social_proof,5,3,1,1,1,1,1,1,0,0,0,0,0,0,1,2,5,0,0,0,0,0,0
S110,P114,3,B,D112,slot_2,2,2,authority,6,4,1,1,1,1,2,3,1,1,1,1,2,4,0,0,0,0,0,0,0,0,0
S111,P115,3,B,D075,slot_3,2,1,social_proof,6,3,0,0,0,1,4,5,1,3,4,0,0,0,1,1,2,0,0,0,0,0,0
S112,P115,3,B,D116,slot_2,1,2,authority,5,3,1,1,3,0,0,0,1,2,3,0,0,0,0,0,0,1,1,1,0,0,0
S113,P116,3,B,D079,slot_2,2,1,authority,3,4,1,2,4,1,1,2,0,0,0,0,0,0,0,0,0,1,1,1,1,1,1
S114,P116,3,B,D117,slot_3,1,2,social_proof,4,3,1,1,3,1,1,3,0,0,0,0,0,0,0,0,0,0,0,0,1,1,1
S115,P117,3,B,D082,slot_1,2,1,commitment,4,2,1,2,2,0,0,0,0,0,0,0,0,0,0,0,0,1,2,3,0,0,0
S116,P117,3,B,D118,slot_3,1,2,social_proof,8,5,1,3,3,1,1,1,1,2,2,1,2,4,1,1,2,0,0,0,0,0,0
S117,P118,3,B,D079,slot_3,1,1,social_proof,4,1,0,0,0,1,1,1,0,0,0,0,0,0,0,0,0,0,0,0,0,0,0
S118,P118,3,B,D108,slot_1,2,2,commitment,4,5,1,1,1,1,2,5,1,1,3,0,0,0,0,0,0,1,1,2,1,1,1
S119,P119,3,B,D080,slot_1,1,1,commitment,9,3,0,0,0,1,2,3,0,0,0,0,0,0,0,0,0,1,1,1,1,1,2
S120,P119,3,B,D085,slot_3,2,2,social_proof,7,4,1,2,2,1,2,4,0,0,0,0,0,0,0,0,0,1,1,1,1,2,2
S121,P120,3,B,D082,slot_3,1,1,social_proof,5,4,1,1,2,1,1,2,0,0,0,0,0,0,0,0,0,1,1,1,1,1,2
S122,P120,3,B,D086,slot_2,2,2,authority,6,4,1,1,1,1,1,1,1,1,2,1,1,1,0,0,0,0,0,0,0,0,0
S123,P121,3,B,D083,slot_3,1,1,social_proof,3,4,1,2,2,1,1,1,0,0,0,0,0,0,1,1,2,1,1,2,0,0,0
S124,P121,3,B,D097,slot_2,2,2,authority,4,2,1,1,1,1,1,3,0,0,0,0,0,0,0,0,0,0,0,0,0,0,0
S125,P122,3,B,D084,slot_1,1,1,commitment,8,3,0,0,0,0,0,0,1,1,2,1,1,1,0,0,0,1,2,3,0,0,0
S126,P122,3,B,D091,slot_3,2,2,social_proof,7,3,0,0,0,0,0,0,1,1,1,1,2,2,0,0,0,1,1,1,0,0,0
S127,P123,3,B,D071,slot_2,2,1,authority,9,4,1,4,7,1,1,1,1,1,1,1,1,2,0,0,0,0,0,0,0,0,0
S128,P123,3,B,D119,slot_1,1,2,commitment,8,4,0,0,0,1,2,5,0,0,0,1,1,1,1,1,3,1,4,4,0,0,0
S129,P001,1,A,D008,slot_3,2,1,social_proof,4,5,1,1,1,1,1,1,1,1,1,0,0,0,1,1,1,1,1,1,0,0,0
S130,P001,1,A,D009,slot_1,1,2,authority,10,4,1,1,1,1,2,2,0,0,0,1,1,1,0,0,0,0,0,0,1,2,2
S131,P002,1,A,D001,slot_2,1,1,commitment,5,3,1,2,2,1,2,3,0,0,0,0,0,0,0,0,0,1,1,1,0,0,0
S132,P002,1,A,D010,slot_3,2,2,social_proof,4,3,1,2,2,1,1,1,1,1,1,0,0,0,0,0,0,0,0,0,0,0,0
S133,P003,1,A,D012,slot_2,2,1,commitment,6,4,1,2,2,1,1,2,1,1,1,0,0,0,0,0,0,0,0,0,1,1,1
S134,P003,1,A,D010,slot_1,1,2,authority,4,4,1,2,3,1,1,2,1,1,1,0,0,0,0,0,0,1,1,2,0,0,0
S135,P004,1,A,D012,slot_3,1,1,social_proof,6,4,0,0,0,1,1,1,1,1,1,1,1,1,1,1,1,0,0,0,0,0,0
S136,P004,1,A,D024,slot_2,2,2,commitment,4,4,1,1,1,1,1,1,1,3,3,0,0,0,1,1,1,0,0,0,0,0,0
S137,P005,1,A,D004,slot_2,2,1,commitment,8,4,1,2,4,1,1,2,1,1,2,0,0,0,0,0,0,0,0,0,1,1,2
S138,P005,1,A,D011,slot_1,1,2,authority,6,3,0,0,0,1,1,1,1,1,1,0,0,0,1,2,2,0,0,0,0,0,0
S139,P006,1,A,D029,slot_2,2,1,commitment,6,2,0,0,0,1,3,4,0,0,0,0,0,0,1,2,3,0,0,0,0,0,0
S140,P006,1,A,D013,slot_1,1,2,authority,7,4,1,1,1,1,1,1,0,0,0,1,1,1,0,0,0,1,1,2,0,0,0
S141,P007,1,A,D002,slot_3,2,1,social_proof,6,4,0,0,0,1,1,2,1,2,2,0,0,0,1,1,1,1,1,1,0,0,0
S142,P007,1,A,D014,slot_1,1,2,authority,6,5,1,3,3,1,2,4,1,1,2,0,0,0,1,2,2,1,1,1,0,0,0
S143,P008,1,A,D023,slot_2,,1,commitment,5,4,1,2,3,1,1,1,0,0,0,1,2,2,0,0,0,1,1,2,0,0,0
S144,P008,1,A,D022,slot_1,,2,authority,6,4,1,1,1,1,1,1,0,0,0,1,2,4,1,1,1,0,0,0,0,0,0
S145,P009,1,A,D027,slot_2,1,1,commitment,8,4,1,1,1,1,2,2,0,0,0,1,2,4,1,2,2,0,0,0,0,0,0
S146,P009,1,A,D013,slot_3,2,2,social_proof,7,4,1,2,2,1,2,2,0,0,0,0,0,0,1,1,1,1,1,1,0,0,0
S147,P010,1,A,D003,slot_2,2,1,commitment,4,1,0,0,0,1,2,4,0,0,0,0,0,0,0,0,0,0,0,0,0,0,0
S148,P010,1,A,D015,slot_2,1,2,commitment,8,3,1,1,2,1,1,3,0,0,0,0,0,0,0,0,0,1,2,2,0,0,0
S149,P011,1,A,D028,slot_1,1,1,authority,5,4,0,0,0,1,2,2,0,0,0,1,1,2,0,0,0,1,1,1,1,1,1
S150,P011,1,A,D016,slot_1,2,2,authority,10,3,1,1,2,1,3,4,0,0,0,0,0,0,1,1,1,0,0,0,0,0,0
S151,P012,1,A,D006,slot_1,2,1,authority,8,3,1,1,3,1,1,1,0,0,0,0,0,0,0,0,0,1,1,1,0,0,0
S152,P012,1,A,D016,slot_2,1,2,commitment,11,4,1,1,3,1,2,3,1,1,1,0,0,0,1,2,2,0,0,0,0,0,0
S153,P013,1,A,D029,slot_1,1,1,authority,7,4,1,2,4,1,1,2,0,0,0,1,2,2,1,2,4,0,0,0,0,0,0
S154,P013,1,A,D017,slot_3,2,2,social_proof,8,2,1,2,3,0,0,0,0,0,0,0,0,0,1,6,8,0,0,0,0,0,0
S155,P014,1,A,D027,slot_1,2,1,authority,7,4,1,1,3,1,2,2,1,1,2,1,2,3,0,0,0,0,0,0,0,0,0
S156,P014,1,A,D017,slot_1,1,2,authority,8,5,1,1,2,1,2,2,1,1,1,1,2,3,1,1,1,0,0,0,0,0,0
S157,P015,1,A,D030,slot_1,1,1,authority,8,3,1,1,1,1,2,3,0,0,0,0,0,0,1,1,1,0,0,0,0,0,0
S158,P015,1,A,D021,slot_1,2,2,authority,5,1,0,0,0,1,1,1,0,0,0,0,0,0,0,0,0,0,0,0,0,0,0
S159,P016,1,A,D031,slot_3,,1,social_proof,5,6,1,2,4,1,1,1,1,2,3,1,1,1,1,2,4,1,1,2,0,0,0
S160,P016,1,A,D025,slot_1,,2,authority,5,5,1,1,3,1,1,4,0,0,0,1,1,2,1,1,1,0,0,0,1,1,1
S161,P017,1,A,D032,slot_2,1,1,commitment,6,3,0,0,0,1,1,3,0,0,0,0,0,0,1,1,2,1,1,2,0,0,0
S162,P017,1,A,D026,slot_3,2,2,social_proof,5,3,1,2,3,1,1,1,0,0,0,0,0,0,1,1,1,0,0,0,0,0,0
S163,P018,1,A,D007,slot_3,2,1,social_proof,8,2,0,0,0,1,2,3,0,0,0,0,0,0,1,4,6,0,0,0,0,0,0
S164,P018,1,A,D018,slot_1,1,2,authority,5,2,0,0,0,0,0,0,1,1,2,0,0,0,0,0,0,1,1,2,0,0,0
S165,P019,1,A,D002,slot_1,1,1,authority,6,5,1,2,2,1,3,4,1,1,1,1,1,2,1,1,2,0,0,0,0,0,0
S166,P019,1,A,D011,slot_2,2,2,commitment,6,3,1,1,1,1,3,6,1,1,1,0,0,0,0,0,0,0,0,0,0,0,0
S167,P020,1,A,D005,slot_1,2,1,authority,7,2,1,2,3,0,0,0,1,1,3,0,0,0,0,0,0,0,0,0,0,0,0
S168,P020,1,A,D019,slot_2,1,2,commitment,6,3,1,1,1,1,2,3,0,0,0,0,0,0,1,1,1,0,0,0,0,0,0
S169,P021,1,A,D003,slot_1,1,1,authority,4,2,1,1,2,1,1,3,0,0,0,0,0,0,0,0,0,0,0,0,0,0,0
S170,P021,1,A,D018,slot_2,2,2,commitment,4,4,1,1,1,1,1,2,1,2,2,1,2,3,0,0,0,0,0,0,0,0,0
S171,P022,1,A,D028,slot_2,2,1,commitment,5,4,1,2,2,1,1,1,1,1,2,0,0,0,1,1,2,0,0,0,0,0,0
S172,P022,1,A,D020,slot_1,1,2,authority,8,4,1,4,5,0,0,0,0,0,0,1,1,1,1,1,1,1,1,1,0,0,0
S173,P023,1,A,D004,slot_1,1,1,authority,9,5,1,4,6,0,0,0,0,0,0,1,1,2,1,1,2,1,1,1,1,2,2
S174,P023,1,A,D014,slot_3,2,2,social_proof,6,3,0,0,0,0,0,0,1,2,2,1,1,3,0,0,0,1,1,2,0,0,0
S175,P024,1,A,D005,slot_3,1,1,social_proof,8,3,1,2,3,0,0,0,1,1,1,0,0,0,0,0,0,0,0,0,1,1,2
S176,P024,1,A,D009,slot_2,2,2,commitment,10,4,1,1,1,1,2,2,0,0,0,1,2,3,1,1,1,0,0,0,0,0,0
S177,P025,1,A,D032,slot_3,2,1,social_proof,5,1,0,0,0,0,0,0,0,0,0,0,0,0,1,1,2,0,0,0,0,0,0
S178,P025,1,A,D021,slot_2,1,2,commitment,6,4,0,0,0,1,3,5,1,1,1,0,0,0,1,2,2,1,1,1,0,0,0
S179,P026,1,A,D031,slot_1,,1,authority,4,3,0,0,0,1,2,3,1,1,2,0,0,0,1,2,5,0,0,0,0,0,0
S180,P026,1,A,D022,slot_2,,2,commitment,5,2,0,0,0,1,4,8,0,0,0,0,0,0,1,3,4,0,0,0,0,0,0
S181,P027,1,A,D006,slot_2,1,1,commitment,9,3,1,1,1,1,4,7,0,0,0,0,0,0,1,1,1,0,0,0,0,0,0
S182,P027,1,A,D020,slot_2,2,2,commitment,7,3,0,0,0,1,3,5,0,0,0,1,1,1,1,1,1,0,0,0,0,0,0
S183,P028,1,A,D007,slot_1,1,1,authority,8,5,1,1,1,1,2,3,0,0,0,1,2,6,1,3,4,1,3,3,0,0,0
S184,P028,1,A,D015,slot_1,2,2,authority,8,4,0,0,0,1,1,1,0,0,0,1,1,2,1,2,5,1,1,1,0,0,0
S185,P029,1,A,D001,slot_1,2,1,authority,4,4,1,1,2,1,1,2,0,0,0,0,0,0,1,1,2,1,1,2,0,0,0
S186,P029,1,A,D024,slot_3,1,2,social_proof,5,5,0,0,0,1,1,3,1,1,1,1,1,1,0,0,0,1,2,2,1,1,1
S187,P030,1,A,D008,slot_2,1,1,commitment,5,2,0,0,0,1,2,3,0,0,0,0,0,0,0,0,0,1,1,4,0,0,0
S188,P030,1,A,D019,slot_1,2,2,authority,5,3,0,0,0,0,0,0,1,1,1,1,1,1,0,0,0,1,2,3,0,0,0
S189,P031,1,A,D023,slot_3,,1,social_proof,4,2,0,0,0,1,1,1,0,0,0,0,0,0,1,1,1,0,0,0,0,0,0
S190,P031,1,A,D025,slot_3,,2,social_proof,6,3,1,1,1,0,0,0,1,1,1,0,0,0,1,1,1,0,0,0,0,0,0
S191,P032,1,A,D030,slot_2,2,1,commitment,8,3,0,0,0,1,3,10,0,0,0,1,3,3,1,1,1,0,0,0,0,0,0
S192,P032,1,A,D026,slot_1,1,2,authority,5,2,0,0,0,1,3,4,0,0,0,0,0,0,0,0,0,1,1,1,0,0,0
S193,P033,2,A,D033,slot_2,1,1,commitment,8,4,1,1,1,1,2,2,0,0,0,1,1,1,1,2,3,0,0,0,0,0,0
S194,P033,2,A,D049,slot_1,2,2,authority,5,3,1,2,2,1,2,2,0,0,0,0,0,0,1,1,1,0,0,0,0,0,0
S195,P034,2,A,D034,slot_1,2,1,authority,3,3,0,0,0,1,1,2,1,1,1,0,0,0,0,0,0,1,1,3,0,0,0
S196,P034,2,A,D038,slot_3,1,2,social_proof,4,1,1,1,1,0,0,0,0,0,0,0,0,0,0,0,0,0,0,0,0,0,0
S197,P035,2,A,D044,slot_2,1,1,commitment,5,5,1,1,1,1,2,2,1,4,4,1,1,2,0,0,0,1,1,1,0,0,0
S198,P035,2,A,D041,slot_1,2,2,authority,4,4,1,1,1,1,1,2,1,1,1,0,0,0,0,0,0,1,2,3,0,0,0
S199,P036,2,A,D052,slot_2,1,1,commitment,7,1,0,0,0,1,2,2,0,0,0,0,0,0,0,0,0,0,0,0,0,0,0
S200,P036,2,A,D042,slot_1,2,2,authority,5,3,0,0,0,1,2,2,0,0,0,1,1,1,1,1,1,0,0,0,0,0,0
S201,P037,2,A,D053,slot_1,1,1,authority,5,2,0,0,0,1,1,2,0,0,0,0,0,0,1,1,2,0,0,0,0,0,0
S202,P037,2,A,D051,slot_1,2,2,authority,5,3,1,1,1,0,0,0,0,0,0,0,0,0,1,1,1,1,1,1,0,0,0
S203,P038,2,A,D054,slot_1,1,1,authority,5,2,1,2,3,1,2,2,0,0,0,0,0,0,0,0,0,0,0,0,0,0,0
S204,P038,2,A,D039,slot_2,2,2,commitment,5,2,0,0,0,0,0,0,0,0,0,1,3,6,0,0,0,1,1,1,0,0,0
S205,P039,2,A,D053,slot_2,2,1,commitment,4,0,0,0,0,0,0,0,0,0,0,0,0,0,0,0,0,0,0,0,0,0,0
S206,P039,2,A,D039,slot_1,1,2,authority,5,2,1,1,1,0,0,0,0,0,0,0,0,0,1,1,2,0,0,0,0,0,0
S207,P040,2,A,D037,slot_1,2,1,authority,4,2,0,0,0,1,1,1,1,1,1,0,0,0,0,0,0,0,0,0,0,0,0
S208,P040,2,A,D040,slot_3,1,2,social_proof,6,4,1,1,1,1,1,4,1,2,5,0,0,0,0,0,0,1,2,2,0,0,0
S209,P041,2,A,D056,slot_1,2,1,authority,7,1,0,0,0,1,1,1,0,0,0,0,0,0,0,0,0,0,0,0,0,0,0
S210,P041,2,A,D041,slot_2,1,2,commitment,4,2,0,0,0,1,1,3,1,1,1,0,0,0,0,0,0,0,0,0,0,0,0
S211,P042,2,A,D055,slot_1,1,1,authority,7,4,1,1,1,1,1,4,0,0,0,1,2,4,0,0,0,1,1,1,0,0,0
S212,P042,2,A,D040,slot_2,2,2,commitment,5,4,1,1,2,0,0,0,1,1,1,1,1,2,1,1,1,0,0,0,0,0,0
S213,P043,2,A,D057,slot_1,2,1,authority,4,4,1,1,2,1,1,2,0,0,0,0,0,0,1,1,2,1,1,1,0,0,0
S214,P043,2,A,D042,slot_2,1,2,commitment,5,2,1,2,3,1,3,7,0,0,0,0,0,0,0,0,0,0,0,0,0,0,0
S215,P044,2,A,D043,slot_2,1,2,commitment,3,3,1,1,1,0,0,0,1,1,1,0,0,0,1,1,1,0,0,0,0,0,0
S216,P045,2,A,D045,slot_3,1,2,social_proof,6,3,0,0,0,1,2,5,0,0,0,0,0,0,1,1,1,1,1,3,0,0,0
S217,P046,2,A,D058,slot_1,2,1,authority,2,0,0,0,0,0,0,0,0,0,0,0,0,0,0,0,0,0,0,0,0,0,0
S218,P046,2,A,D035,slot_2,2,1,commitment,6,2,1,1,1,1,2,4,0,0,0,0,0,0,0,0,0,0,0,0,0,0,0
S219,P047,2,A,D052,slot_3,2,1,social_proof,7,3,1,2,2,1,1,2,0,0,0,0,0,0,1,1,1,0,0,0,0,0,0
S220,P047,2,A,D046,slot_2,1,2,commitment,4,2,1,1,2,1,2,3,0,0,0,0,0,0,0,0,0,0,0,0,0,0,0
S221,P048,2,A,D056,slot_3,1,1,social_proof,7,3,1,1,1,1,1,1,1,2,2,0,0,0,0,0,0,0,0,0,0,0,0
S222,P048,2,A,D048,slot_1,2,2,authority,8,3,1,2,3,0,0,0,1,1,1,0,0,0,0,0,0,0,0,0,1,1,2
S223,P049,2,A,D057,slot_3,1,1,social_proof,4,2,0,0,0,1,1,1,0,0,0,0,0,0,1,1,1,0,0,0,0,0,0
S224,P049,2,A,D046,slot_1,2,2,authority,4,4,1,2,3,1,1,4,0,0,0,0,0,0,1,3,6,1,1,1,0,0,0
S225,P050,2,A,D055,slot_2,2,1,commitment,7,2,0,0,0,0,0,0,1,1,1,0,0,0,0,0,0,1,4,7,0,0,0
S226,P050,2,A,D047,slot_3,1,2,social_proof,7,4,1,3,4,1,1,1,0,0,0,0,0,0,1,1,2,1,2,4,0,0,0
S227,P051,2,A,D058,slot_2,1,1,commitment,2,2,1,1,1,0,0,0,0,0,0,0,0,0,0,0,0,0,0,0,1,1,2
S228,P051,2,A,D038,slot_1,2,2,authority,4,2,1,2,2,0,0,0,0,0,0,0,0,0,0,0,0,1,1,1,0,0,0
S229,P052,2,A,D034,slot_2,1,1,commitment,3,3,1,1,1,1,2,4,0,0,0,1,1,1,0,0,0,0,0,0,0,0,0
S230,P052,2,A,D043,slot_3,2,2,social_proof,3,2,1,2,4,1,1,4,0,0,0,0,0,0,0,0,0,0,0,0,0,0,0
S231,P053,2,A,D044,slot_1,2,1,authority,5,3,1,1,2,0,0,0,1,1,2,0,0,0,0,0,0,0,0,0,1,1,3
S232,P053,2,A,D048,slot_2,1,2,commitment,7,2,1,2,2,0,0,0,1,2,3,0,0,0,0,0,0,0,0,0,0,0,0
S233,P054,2,A,D035,slot_1,1,1,authority,6,3,1,3,4,1,2,3,0,0,0,0,0,0,0,0,0,1,1,1,0,0,0
S234,P054,2,A,D045,slot_2,2,2,commitment,6,2,1,1,1,0,0,0,0,0,0,0,0,0,0,0,0,1,2,2,0,0,0
S235,P055,2,A,D036,slot_2,1,1,commitment,8,2,0,0,0,1,1,3,0,0,0,0,0,0,1,1,1,0,0,0,0,0,0
S236,P055,2,A,D050,slot_3,2,2,social_proof,2,4,0,0,0,1,1,3,1,1,1,0,0,0,1,1,2,0,0,0,1,1,2
S237,P056,2,A,D037,slot_2,1,1,commitment,4,4,1,2,4,1,2,3,0,0,0,0,0,0,0,0,0,1,1,2,1,2,2
S238,P056,2,A,D047,slot_1,2,2,authority,7,4,1,3,3,1,1,2,0,0,0,0,0,0,1,2,2,1,1,1,0,0,0
S239,P057,2,A,D036,slot_3,2,1,social_proof,7,3,0,0,0,1,1,1,1,1,1,0,0,0,0,0,0,1,1,3,0,0,0
S240,P057,2,A,D049,slot_2,1,2,commitment,5,3,0,0,0,1,2,4,1,2,2,0,0,0,0,0,0,1,1,1,0,0,0
S241,P058,2,A,D033,slot_3,2,1,social_proof,7,7,1,1,3,1,1,1,1,3,3,1,1,2,1,1,1,1,1,1,1,1,1
S242,P058,2,A,D050,slot_1,1,2,authority,3,3,0,0,0,1,2,4,1,1,1,0,0,0,1,1,2,0,0,0,0,0,0
S243,P059,2,A,D054,slot_2,2,1,commitment,5,2,0,0,0,1,1,1,0,0,0,0,0,0,0,0,0,1,1,2,0,0,0
S244,P059,2,A,D051,slot_3,1,2,social_proof,5,4,1,1,1,0,0,0,1,2,2,1,1,1,0,0,0,1,2,2,0,0,0
